state,state_abbreviation,county,fips,party,candidate,MAX(votes),fraction_votes,county_state
Alabama,AL,Autauga,1001,Democrat,"Hillary Clinton",2387,0.8,Autauga_Alabama
Alabama,AL,Baldwin,1003,Democrat,"Hillary Clinton",5290,0.647,Baldwin_Alabama
Alabama,AL,Barbour,1005,Democrat,"Hillary Clinton",2567,0.906,Barbour_Alabama
Alabama,AL,Bullock,1011,Democrat,"Hillary Clinton",2451,0.913,Bullock_Alabama
Alabama,AL,Chambers,1017,Democrat,"Hillary Clinton",2899,0.886,Chambers_Alabama
Alabama,AL,Chilton,1021,Democrat,"Hillary Clinton",860,0.731,Chilton_Alabama
Alabama,AL,Choctaw,1023,Democrat,"Hillary Clinton",1772,0.802,Choctaw_Alabama
Alabama,AL,Colbert,1033,Democrat,"Hillary Clinton",3879,0.65,Colbert_Alabama
Alabama,AL,Conecuh,1035,Democrat,"Hillary Clinton",2031,0.714,Conecuh_Alabama
Alabama,AL,Coosa,1037,Democrat,"Hillary Clinton",1012,0.877,Coosa_Alabama
Alabama,AL,Crenshaw,1041,Democrat,"Hillary Clinton",908,0.878,Crenshaw_Alabama
Alabama,AL,Cullman,1043,Democrat,"Hillary Clinton",1275,0.608,Cullman_Alabama
Alabama,AL,Dale,1045,Democrat,"Hillary Clinton",1544,0.77,Dale_Alabama
Alabama,AL,Elmore,1051,Democrat,"Hillary Clinton",3019,0.801,Elmore_Alabama
Alabama,AL,Etowah,1055,Democrat,"Hillary Clinton",4262,0.746,Etowah_Alabama
Alabama,AL,Geneva,1061,Democrat,"Hillary Clinton",544,0.749,Geneva_Alabama
Alabama,AL,Hale,1065,Democrat,"Hillary Clinton",2426,0.796,Hale_Alabama
Alabama,AL,Jefferson,1073,Democrat,"Hillary Clinton",67357,0.816,Jefferson_Alabama
Alabama,AL,Lauderdale,1077,Democrat,"Hillary Clinton",3676,0.652,Lauderdale_Alabama
Alabama,AL,Limestone,1083,Democrat,"Hillary Clinton",3199,0.728,Limestone_Alabama
Alabama,AL,Madison,1089,Democrat,"Hillary Clinton",19995,0.686,Madison_Alabama
Alabama,AL,Marengo,1091,Democrat,"Hillary Clinton",3590,0.658,Marengo_Alabama
Alabama,AL,Mobile,1097,Democrat,"Hillary Clinton",28927,0.827,Mobile_Alabama
Alabama,AL,Morgan,1103,Democrat,"Hillary Clinton",3897,0.731,Morgan_Alabama
Alabama,AL,Perry,1105,Democrat,"Hillary Clinton",2575,0.82,Perry_Alabama
Alabama,AL,Russell,1113,Democrat,"Hillary Clinton",4381,0.728,Russell_Alabama
Alabama,AL,Talladega,1121,Democrat,"Hillary Clinton",5561,0.865,Talladega_Alabama
Alabama,AL,Tallapoosa,1123,Democrat,"Hillary Clinton",2658,0.88,Tallapoosa_Alabama
Alabama,AL,Tuscaloosa,1125,Democrat,"Hillary Clinton",12136,0.767,Tuscaloosa_Alabama
Alabama,AL,Walker,1127,Democrat,"Hillary Clinton",1772,0.671,Walker_Alabama
Alabama,AL,Wilcox,1131,Democrat,"Hillary Clinton",3337,0.843,Wilcox_Alabama
Arizona,AZ,Apache,4001,Democrat,"Hillary Clinton",4450,0.664,Apache_Arizona
Arizona,AZ,Cochise,4003,Democrat,"Hillary Clinton",4654,0.565,Cochise_Arizona
Arizona,AZ,Coconino,4005,Democrat,"Bernie Sanders",6941,0.534,Coconino_Arizona
Arizona,AZ,Gila,4007,Democrat,"Hillary Clinton",2196,0.592,Gila_Arizona
Arizona,AZ,Graham,4009,Democrat,"Hillary Clinton",937,0.491,Graham_Arizona
Arizona,AZ,Greenlee,4011,Democrat,"Hillary Clinton",497,0.546,Greenlee_Arizona
Arizona,AZ,"La Paz",4012,Democrat,"Hillary Clinton",309,0.517,"La Paz_Arizona"
Arizona,AZ,Maricopa,4013,Democrat,"Hillary Clinton",126988,0.581,Maricopa_Arizona
Arizona,AZ,Mohave,4015,Democrat,"Hillary Clinton",4170,0.564,Mohave_Arizona
Arizona,AZ,Navajo,4017,Democrat,"Hillary Clinton",4415,0.597,Navajo_Arizona
Arizona,AZ,Pima,4019,Democrat,"Hillary Clinton",56317,0.573,Pima_Arizona
Arizona,AZ,Pinal,4021,Democrat,"Hillary Clinton",9771,0.621,Pinal_Arizona
Arizona,AZ,"Santa Cruz",4023,Democrat,"Hillary Clinton",2496,0.658,"Santa Cruz_Arizona"
Arizona,AZ,Yavapai,4025,Democrat,"Hillary Clinton",8401,0.529,Yavapai_Arizona
Arizona,AZ,Yuma,4027,Democrat,"Hillary Clinton",4358,0.637,Yuma_Arizona
Arkansas,AR,Arkansas,5001,Democrat,"Hillary Clinton",724,0.833,Arkansas_Arkansas
Arkansas,AR,Ashley,5003,Democrat,"Hillary Clinton",1375,0.474,Ashley_Arkansas
Arkansas,AR,Baxter,5005,Democrat,"Hillary Clinton",1391,0.624,Baxter_Arkansas
Arkansas,AR,Benton,5007,Democrat,"Hillary Clinton",5650,0.541,Benton_Arkansas
Arkansas,AR,Chicot,5017,Democrat,"Hillary Clinton",1370,0.811,Chicot_Arkansas
Arkansas,AR,Cleburne,5023,Democrat,"Hillary Clinton",758,0.687,Cleburne_Arkansas
Arkansas,AR,Conway,5029,Democrat,"Hillary Clinton",1755,0.621,Conway_Arkansas
Arkansas,AR,Craighead,5031,Democrat,"Hillary Clinton",3543,0.64,Craighead_Arkansas
Arkansas,AR,Crawford,5033,Democrat,"Hillary Clinton",1586,0.625,Crawford_Arkansas
Arkansas,AR,Crittenden,5035,Democrat,"Hillary Clinton",3379,0.764,Crittenden_Arkansas
Arkansas,AR,Cross,5037,Democrat,"Hillary Clinton",780,0.742,Cross_Arkansas
Arkansas,AR,Desha,5041,Democrat,"Hillary Clinton",1342,0.686,Desha_Arkansas
Arkansas,AR,Drew,5043,Democrat,"Hillary Clinton",1250,0.678,Drew_Arkansas
Arkansas,AR,Faulkner,5045,Democrat,"Hillary Clinton",4077,0.586,Faulkner_Arkansas
Arkansas,AR,Garland,5051,Democrat,"Hillary Clinton",4057,0.687,Garland_Arkansas
Arkansas,AR,Grant,5053,Democrat,"Hillary Clinton",690,0.663,Grant_Arkansas
Arkansas,AR,Hempstead,5057,Democrat,"Hillary Clinton",786,0.795,Hempstead_Arkansas
Arkansas,AR,"Hot Spring",5059,Democrat,"Hillary Clinton",1562,0.637,"Hot Spring_Arkansas"
Arkansas,AR,Howard,5061,Democrat,"Hillary Clinton",535,0.765,Howard_Arkansas
Arkansas,AR,Independence,5063,Democrat,"Hillary Clinton",1059,0.645,Independence_Arkansas
Arkansas,AR,Izard,5065,Democrat,"Hillary Clinton",516,0.649,Izard_Arkansas
Arkansas,AR,"Little River",5081,Democrat,"Hillary Clinton",721,0.531,"Little River_Arkansas"
Arkansas,AR,Lonoke,5085,Democrat,"Hillary Clinton",1664,0.654,Lonoke_Arkansas
Arkansas,AR,Miller,5091,Democrat,"Hillary Clinton",1300,0.761,Miller_Arkansas
Arkansas,AR,Mississippi,5093,Democrat,"Hillary Clinton",2017,0.819,Mississippi_Arkansas
Arkansas,AR,Nevada,5099,Democrat,"Hillary Clinton",647,0.592,Nevada_Arkansas
Arkansas,AR,Phillips,5107,Democrat,"Hillary Clinton",2696,0.754,Phillips_Arkansas
Arkansas,AR,Poinsett,5111,Democrat,"Hillary Clinton",717,0.724,Poinsett_Arkansas
Arkansas,AR,Pope,5115,Democrat,"Hillary Clinton",1680,0.576,Pope_Arkansas
Arkansas,AR,Prairie,5117,Democrat,"Hillary Clinton",558,0.517,Prairie_Arkansas
Arkansas,AR,Pulaski,5119,Democrat,"Hillary Clinton",34862,0.764,Pulaski_Arkansas
Arkansas,AR,Saline,5125,Democrat,"Hillary Clinton",4358,0.674,Saline_Arkansas
Arkansas,AR,Searcy,5129,Democrat,"Hillary Clinton",221,0.564,Searcy_Arkansas
Arkansas,AR,Sebastian,5131,Democrat,"Hillary Clinton",3694,0.611,Sebastian_Arkansas
Arkansas,AR,Sharp,5135,Democrat,"Hillary Clinton",608,0.642,Sharp_Arkansas
Arkansas,AR,Washington,5143,Democrat,"Hillary Clinton",9110,0.513,Washington_Arkansas
Arkansas,AR,White,5145,Democrat,"Hillary Clinton",2024,0.69,White_Arkansas
Arkansas,AR,Woodruff,5147,Democrat,"Hillary Clinton",862,0.662,Woodruff_Arkansas
Arkansas,AR,Yell,5149,Democrat,"Hillary Clinton",723,0.582,Yell_Arkansas
Colorado,CO,Adams,8001,Democrat,"Bernie Sanders",3279,0.61,Adams_Colorado
Colorado,CO,Alamosa,8003,Democrat,"Bernie Sanders",167,0.63,Alamosa_Colorado
Colorado,CO,Arapahoe,8005,Democrat,"Bernie Sanders",6086,0.53,Arapahoe_Colorado
Colorado,CO,Archuleta,8007,Democrat,"Bernie Sanders",156,0.642,Archuleta_Colorado
Colorado,CO,Baca,8009,Democrat,"Hillary Clinton",15,0.319,Baca_Colorado
Colorado,CO,Bent,8011,Democrat,"Hillary Clinton",26,0.481,Bent_Colorado
Colorado,CO,Boulder,8013,Democrat,"Bernie Sanders",11142,0.636,Boulder_Colorado
Colorado,CO,Broomfield,8014,Democrat,"Bernie Sanders",1010,0.632,Broomfield_Colorado
Colorado,CO,Chaffee,8015,Democrat,"Bernie Sanders",404,0.652,Chaffee_Colorado
Colorado,CO,"Clear Creek",8019,Democrat,"Bernie Sanders",199,0.553,"Clear Creek_Colorado"
Colorado,CO,Conejos,8021,Democrat,"Hillary Clinton",73,0.584,Conejos_Colorado
Colorado,CO,Costilla,8023,Democrat,"Hillary Clinton",64,0.566,Costilla_Colorado
Colorado,CO,Crowley,8025,Democrat,"Bernie Sanders",16,0.5,Crowley_Colorado
Colorado,CO,Denver,8031,Democrat,"Bernie Sanders",14624,0.544,Denver_Colorado
Colorado,CO,Dolores,8033,Democrat,"Bernie Sanders",22,0.629,Dolores_Colorado
Colorado,CO,Eagle,8037,Democrat,"Bernie Sanders",623,0.637,Eagle_Colorado
Colorado,CO,Fremont,8043,Democrat,"Bernie Sanders",268,0.571,Fremont_Colorado
Colorado,CO,Gilpin,8047,Democrat,"Bernie Sanders",173,0.698,Gilpin_Colorado
Colorado,CO,Gunnison,8051,Democrat,"Bernie Sanders",481,0.763,Gunnison_Colorado
Colorado,CO,Hinsdale,8053,Democrat,"Bernie Sanders",10,0.714,Hinsdale_Colorado
Colorado,CO,Huerfano,8055,Democrat,"Bernie Sanders",150,0.584,Huerfano_Colorado
Colorado,CO,"Kit Carson",8063,Democrat,"Bernie Sanders",16,0.593,"Kit Carson_Colorado"
Colorado,CO,"La Plata",8067,Democrat,"Bernie Sanders",1466,0.641,"La Plata_Colorado"
Colorado,CO,Larimer,8069,Democrat,"Bernie Sanders",6664,0.672,Larimer_Colorado
Colorado,CO,"Las Animas",8071,Democrat,"Bernie Sanders",106,0.512,"Las Animas_Colorado"
Colorado,CO,Mesa,8077,Democrat,"Bernie Sanders",1095,0.573,Mesa_Colorado
Colorado,CO,Moffat,8081,Democrat,"Bernie Sanders",28,0.56,Moffat_Colorado
Colorado,CO,Montezuma,8083,Democrat,"Bernie Sanders",412,0.673,Montezuma_Colorado
Colorado,CO,Montrose,8085,Democrat,"Bernie Sanders",258,0.549,Montrose_Colorado
Colorado,CO,Otero,8089,Democrat,"Bernie Sanders",94,0.543,Otero_Colorado
Colorado,CO,Ouray,8091,Democrat,"Bernie Sanders",156,0.645,Ouray_Colorado
Colorado,CO,Park,8093,Democrat,"Bernie Sanders",231,0.662,Park_Colorado
Colorado,CO,Pitkin,8097,Democrat,"Bernie Sanders",421,0.547,Pitkin_Colorado
Colorado,CO,Prowers,8099,Democrat,"Hillary Clinton",40,0.69,Prowers_Colorado
Colorado,CO,Pueblo,8101,Democrat,"Hillary Clinton",1260,0.517,Pueblo_Colorado
Colorado,CO,"Rio Blanco",8103,Democrat,"Bernie Sanders",18,0.692,"Rio Blanco_Colorado"
Colorado,CO,"Rio Grande",8105,Democrat,"Bernie Sanders",59,0.546,"Rio Grande_Colorado"
Colorado,CO,Routt,8107,Democrat,"Bernie Sanders",406,0.63,Routt_Colorado
Colorado,CO,Saguache,8109,Democrat,"Bernie Sanders",219,0.811,Saguache_Colorado
Colorado,CO,"San Miguel",8113,Democrat,"Bernie Sanders",329,0.783,"San Miguel_Colorado"
Colorado,CO,Sedgwick,8115,Democrat,"Hillary Clinton",13,0.619,Sedgwick_Colorado
Colorado,CO,Teller,8119,Democrat,"Bernie Sanders",219,0.622,Teller_Colorado
Colorado,CO,Weld,8123,Democrat,"Bernie Sanders",1647,0.607,Weld_Colorado
Florida,FL,Alachua,12001,Democrat,"Hillary Clinton",17733,0.492,Alachua_Florida
Florida,FL,Baker,12003,Democrat,"Bernie Sanders",805,0.474,Baker_Florida
Florida,FL,Bradford,12007,Democrat,"Hillary Clinton",1056,0.487,Bradford_Florida
Florida,FL,Brevard,12009,Democrat,"Hillary Clinton",31835,0.597,Brevard_Florida
Florida,FL,Broward,12011,Democrat,"Hillary Clinton",132527,0.725,Broward_Florida
Florida,FL,Charlotte,12015,Democrat,"Hillary Clinton",8125,0.621,Charlotte_Florida
Florida,FL,Citrus,12017,Democrat,"Hillary Clinton",6863,0.563,Citrus_Florida
Florida,FL,Collier,12021,Democrat,"Hillary Clinton",12712,0.661,Collier_Florida
Florida,FL,Dixie,12029,Democrat,"Bernie Sanders",459,0.451,Dixie_Florida
Florida,FL,Duval,12031,Democrat,"Hillary Clinton",58632,0.672,Duval_Florida
Florida,FL,Escambia,12033,Democrat,"Hillary Clinton",16765,0.622,Escambia_Florida
Florida,FL,Flagler,12035,Democrat,"Hillary Clinton",6152,0.658,Flagler_Florida
Florida,FL,Gadsden,12039,Democrat,"Hillary Clinton",7446,0.764,Gadsden_Florida
Florida,FL,Gilchrist,12041,Democrat,"Bernie Sanders",578,0.507,Gilchrist_Florida
Florida,FL,Glades,12043,Democrat,"Hillary Clinton",387,0.499,Glades_Florida
Florida,FL,Gulf,12045,Democrat,"Hillary Clinton",568,0.474,Gulf_Florida
Florida,FL,Hardee,12049,Democrat,"Hillary Clinton",529,0.527,Hardee_Florida
Florida,FL,Hendry,12051,Democrat,"Hillary Clinton",1156,0.606,Hendry_Florida
Florida,FL,Hernando,12053,Democrat,"Hillary Clinton",8882,0.596,Hernando_Florida
Florida,FL,Highlands,12055,Democrat,"Hillary Clinton",3711,0.614,Highlands_Florida
Florida,FL,Hillsborough,12057,Democrat,"Hillary Clinton",68936,0.628,Hillsborough_Florida
Florida,FL,"Indian River",12061,Democrat,"Hillary Clinton",6897,0.624,"Indian River_Florida"
Florida,FL,Lee,12071,Democrat,"Hillary Clinton",27940,0.627,Lee_Florida
Florida,FL,Leon,12073,Democrat,"Hillary Clinton",27333,0.565,Leon_Florida
Florida,FL,Levy,12075,Democrat,"Hillary Clinton",1570,0.5,Levy_Florida
Florida,FL,Manatee,12081,Democrat,"Hillary Clinton",18116,0.625,Manatee_Florida
Florida,FL,Marion,12083,Democrat,"Hillary Clinton",18220,0.627,Marion_Florida
Florida,FL,Martin,12085,Democrat,"Hillary Clinton",6523,0.598,Martin_Florida
Florida,FL,Miami-Dade,12086,Democrat,"Hillary Clinton",129467,0.747,Miami-Dade_Florida
Florida,FL,Nassau,12089,Democrat,"Hillary Clinton",2910,0.562,Nassau_Florida
Florida,FL,Okeechobee,12093,Democrat,"Hillary Clinton",1150,0.552,Okeechobee_Florida
Florida,FL,Orange,12095,Democrat,"Hillary Clinton",66654,0.638,Orange_Florida
Florida,FL,Osceola,12097,Democrat,"Hillary Clinton",16512,0.682,Osceola_Florida
Florida,FL,"Palm Beach",12099,Democrat,"Hillary Clinton",103369,0.715,"Palm Beach_Florida"
Florida,FL,Pasco,12101,Democrat,"Hillary Clinton",21760,0.583,Pasco_Florida
Florida,FL,Pinellas,12103,Democrat,"Hillary Clinton",63699,0.603,Pinellas_Florida
Florida,FL,Polk,12105,Democrat,"Hillary Clinton",29328,0.63,Polk_Florida
Florida,FL,Putnam,12107,Democrat,"Hillary Clinton",3182,0.494,Putnam_Florida
Florida,FL,"Santa Rosa",12113,Democrat,"Hillary Clinton",3938,0.492,"Santa Rosa_Florida"
Florida,FL,Sarasota,12115,Democrat,"Hillary Clinton",25881,0.611,Sarasota_Florida
Florida,FL,Seminole,12117,Democrat,"Hillary Clinton",22069,0.583,Seminole_Florida
Florida,FL,Suwannee,12121,Democrat,"Bernie Sanders",1550,0.443,Suwannee_Florida
Florida,FL,Volusia,12127,Democrat,"Hillary Clinton",26276,0.602,Volusia_Florida
Florida,FL,Wakulla,12129,Democrat,"Hillary Clinton",1659,0.489,Wakulla_Florida
Georgia,GA,Appling,13001,Democrat,"Hillary Clinton",490,0.756,Appling_Georgia
Georgia,GA,Atkinson,13003,Democrat,"Hillary Clinton",201,0.798,Atkinson_Georgia
Georgia,GA,Bacon,13005,Democrat,"Hillary Clinton",113,0.638,Bacon_Georgia
Georgia,GA,Banks,13011,Democrat,"Hillary Clinton",172,0.49,Banks_Georgia
Georgia,GA,Barrow,13013,Democrat,"Hillary Clinton",1457,0.617,Barrow_Georgia
Georgia,GA,Bartow,13015,Democrat,"Hillary Clinton",2216,0.59,Bartow_Georgia
Georgia,GA,"Ben Hill",13017,Democrat,"Hillary Clinton",779,0.802,"Ben Hill_Georgia"
Georgia,GA,Bibb,13021,Democrat,"Hillary Clinton",12944,0.828,Bibb_Georgia
Georgia,GA,Bleckley,13023,Democrat,"Hillary Clinton",370,0.777,Bleckley_Georgia
Georgia,GA,Brantley,13025,Democrat,"Hillary Clinton",137,0.491,Brantley_Georgia
Georgia,GA,Bulloch,13031,Democrat,"Hillary Clinton",1910,0.607,Bulloch_Georgia
Georgia,GA,Butts,13035,Democrat,"Hillary Clinton",922,0.817,Butts_Georgia
Georgia,GA,Candler,13043,Democrat,"Hillary Clinton",434,0.783,Candler_Georgia
Georgia,GA,Catoosa,13047,Democrat,"Hillary Clinton",1082,0.508,Catoosa_Georgia
Georgia,GA,Charlton,13049,Democrat,"Hillary Clinton",275,0.737,Charlton_Georgia
Georgia,GA,Chatham,13051,Democrat,"Hillary Clinton",19898,0.723,Chatham_Georgia
Georgia,GA,Chattahoochee,13053,Democrat,"Hillary Clinton",182,0.813,Chattahoochee_Georgia
Georgia,GA,Chattooga,13055,Democrat,"Hillary Clinton",566,0.637,Chattooga_Georgia
Georgia,GA,Cherokee,13057,Democrat,"Hillary Clinton",4837,0.518,Cherokee_Georgia
Georgia,GA,Clarke,13059,Democrat,"Hillary Clinton",7089,0.507,Clarke_Georgia
Georgia,GA,Clayton,13063,Democrat,"Hillary Clinton",25130,0.816,Clayton_Georgia
Georgia,GA,Clinch,13065,Democrat,"Hillary Clinton",167,0.795,Clinch_Georgia
Georgia,GA,Cobb,13067,Democrat,"Hillary Clinton",39277,0.635,Cobb_Georgia
Georgia,GA,Colquitt,13071,Democrat,"Hillary Clinton",1035,0.761,Colquitt_Georgia
Georgia,GA,Columbia,13073,Democrat,"Hillary Clinton",4805,0.669,Columbia_Georgia
Georgia,GA,Cook,13075,Democrat,"Hillary Clinton",580,0.762,Cook_Georgia
Georgia,GA,Coweta,13077,Democrat,"Hillary Clinton",4536,0.665,Coweta_Georgia
Georgia,GA,Crisp,13081,Democrat,"Hillary Clinton",729,0.801,Crisp_Georgia
Georgia,GA,Dade,13083,Democrat,"Hillary Clinton",241,0.503,Dade_Georgia
Georgia,GA,Dawson,13085,Democrat,"Hillary Clinton",312,0.53,Dawson_Georgia
Georgia,GA,Decatur,13087,Democrat,"Hillary Clinton",1316,0.79,Decatur_Georgia
Georgia,GA,Dodge,13091,Democrat,"Hillary Clinton",579,0.795,Dodge_Georgia
Georgia,GA,Dooly,13093,Democrat,"Hillary Clinton",737,0.884,Dooly_Georgia
Georgia,GA,Dougherty,13095,Democrat,"Hillary Clinton",8891,0.857,Dougherty_Georgia
Georgia,GA,Douglas,13097,Democrat,"Hillary Clinton",9375,0.746,Douglas_Georgia
Georgia,GA,Early,13099,Democrat,"Hillary Clinton",671,0.892,Early_Georgia
Georgia,GA,Echols,13101,Democrat,"Bernie Sanders",36,0.514,Echols_Georgia
Georgia,GA,Elbert,13105,Democrat,"Hillary Clinton",805,0.75,Elbert_Georgia
Georgia,GA,Emanuel,13107,Democrat,"Hillary Clinton",755,0.831,Emanuel_Georgia
Georgia,GA,Evans,13109,Democrat,"Hillary Clinton",347,0.785,Evans_Georgia
Georgia,GA,Fannin,13111,Democrat,"Hillary Clinton",545,0.599,Fannin_Georgia
Georgia,GA,Fayette,13113,Democrat,"Hillary Clinton",7257,0.711,Fayette_Georgia
Georgia,GA,Floyd,13115,Democrat,"Hillary Clinton",2555,0.645,Floyd_Georgia
Georgia,GA,Fulton,13121,Democrat,"Hillary Clinton",82576,0.711,Fulton_Georgia
Georgia,GA,Gilmer,13123,Democrat,"Hillary Clinton",489,0.53,Gilmer_Georgia
Georgia,GA,Glascock,13125,Democrat,"Hillary Clinton",38,0.623,Glascock_Georgia
Georgia,GA,Glynn,13127,Democrat,"Hillary Clinton",2870,0.687,Glynn_Georgia
Georgia,GA,Gordon,13129,Democrat,"Hillary Clinton",776,0.575,Gordon_Georgia
Georgia,GA,Gwinnett,13135,Democrat,"Hillary Clinton",37465,0.662,Gwinnett_Georgia
Georgia,GA,Habersham,13137,Democrat,"Hillary Clinton",608,0.52,Habersham_Georgia
Georgia,GA,Hall,13139,Democrat,"Hillary Clinton",3482,0.603,Hall_Georgia
Georgia,GA,Haralson,13143,Democrat,"Hillary Clinton",413,0.551,Haralson_Georgia
Georgia,GA,Hart,13147,Democrat,"Hillary Clinton",740,0.723,Hart_Georgia
Georgia,GA,Heard,13149,Democrat,"Hillary Clinton",276,0.701,Heard_Georgia
Georgia,GA,Henry,13151,Democrat,"Hillary Clinton",15639,0.777,Henry_Georgia
Georgia,GA,Houston,13153,Democrat,"Hillary Clinton",6274,0.76,Houston_Georgia
Georgia,GA,Irwin,13155,Democrat,"Hillary Clinton",326,0.799,Irwin_Georgia
Georgia,GA,"Jeff Davis",13161,Democrat,"Hillary Clinton",400,0.766,"Jeff Davis_Georgia"
Georgia,GA,Jenkins,13165,Democrat,"Hillary Clinton",355,0.841,Jenkins_Georgia
Georgia,GA,Lanier,13173,Democrat,"Hillary Clinton",234,0.765,Lanier_Georgia
Georgia,GA,Liberty,13179,Democrat,"Hillary Clinton",2783,0.797,Liberty_Georgia
Georgia,GA,Long,13183,Democrat,"Hillary Clinton",261,0.685,Long_Georgia
Georgia,GA,Lumpkin,13187,Democrat,"Hillary Clinton",560,0.506,Lumpkin_Georgia
Georgia,GA,McDuffie,13189,Democrat,"Hillary Clinton",1274,0.847,McDuffie_Georgia
Georgia,GA,Meriwether,13199,Democrat,"Hillary Clinton",1463,0.854,Meriwether_Georgia
Georgia,GA,Mitchell,13205,Democrat,"Hillary Clinton",1338,0.858,Mitchell_Georgia
Georgia,GA,Muscogee,13215,Democrat,"Hillary Clinton",12801,0.791,Muscogee_Georgia
Georgia,GA,Newton,13217,Democrat,"Hillary Clinton",7269,0.78,Newton_Georgia
Georgia,GA,Oglethorpe,13221,Democrat,"Hillary Clinton",561,0.605,Oglethorpe_Georgia
Georgia,GA,Paulding,13223,Democrat,"Hillary Clinton",4095,0.656,Paulding_Georgia
Georgia,GA,Peach,13225,Democrat,"Hillary Clinton",1675,0.837,Peach_Georgia
Georgia,GA,Pierce,13229,Democrat,"Hillary Clinton",219,0.67,Pierce_Georgia
Georgia,GA,Rabun,13241,Democrat,"Hillary Clinton",397,0.541,Rabun_Georgia
Georgia,GA,Richmond,13245,Democrat,"Hillary Clinton",16269,0.817,Richmond_Georgia
Georgia,GA,Rockdale,13247,Democrat,"Hillary Clinton",7930,0.78,Rockdale_Georgia
Georgia,GA,Schley,13249,Democrat,"Hillary Clinton",146,0.834,Schley_Georgia
Georgia,GA,Screven,13251,Democrat,"Hillary Clinton",771,0.811,Screven_Georgia
Georgia,GA,Spalding,13255,Democrat,"Hillary Clinton",3129,0.786,Spalding_Georgia
Georgia,GA,Talbot,13263,Democrat,"Hillary Clinton",852,0.867,Talbot_Georgia
Georgia,GA,Taliaferro,13265,Democrat,"Hillary Clinton",236,0.864,Taliaferro_Georgia
Georgia,GA,Tattnall,13267,Democrat,"Hillary Clinton",518,0.761,Tattnall_Georgia
Georgia,GA,Telfair,13271,Democrat,"Hillary Clinton",426,0.811,Telfair_Georgia
Georgia,GA,Terrell,13273,Democrat,"Hillary Clinton",804,0.881,Terrell_Georgia
Georgia,GA,Thomas,13275,Democrat,"Hillary Clinton",2053,0.782,Thomas_Georgia
Georgia,GA,Tift,13277,Democrat,"Hillary Clinton",1151,0.759,Tift_Georgia
Georgia,GA,Toombs,13279,Democrat,"Hillary Clinton",562,0.762,Toombs_Georgia
Georgia,GA,Towns,13281,Democrat,"Hillary Clinton",312,0.529,Towns_Georgia
Georgia,GA,Treutlen,13283,Democrat,"Hillary Clinton",300,0.822,Treutlen_Georgia
Georgia,GA,Troup,13285,Democrat,"Hillary Clinton",3357,0.789,Troup_Georgia
Georgia,GA,Turner,13287,Democrat,"Hillary Clinton",330,0.789,Turner_Georgia
Georgia,GA,Twiggs,13289,Democrat,"Hillary Clinton",818,0.864,Twiggs_Georgia
Georgia,GA,Upson,13293,Democrat,"Hillary Clinton",1236,0.808,Upson_Georgia
Georgia,GA,Walton,13297,Democrat,"Hillary Clinton",2309,0.699,Walton_Georgia
Georgia,GA,Ware,13299,Democrat,"Hillary Clinton",919,0.75,Ware_Georgia
Georgia,GA,Wheeler,13309,Democrat,"Hillary Clinton",177,0.859,Wheeler_Georgia
Georgia,GA,Whitfield,13313,Democrat,"Hillary Clinton",1536,0.533,Whitfield_Georgia
Georgia,GA,Worth,13321,Democrat,"Hillary Clinton",684,0.794,Worth_Georgia
Idaho,ID,Ada,16001,Democrat,"Bernie Sanders",7336,0.805,Ada_Idaho
Idaho,ID,Bannock,16005,Democrat,"Bernie Sanders",1197,0.797,Bannock_Idaho
Idaho,ID,"Bear Lake",16007,Democrat,"Bernie Sanders",25,0.676,"Bear Lake_Idaho"
Idaho,ID,Benewah,16009,Democrat,"Bernie Sanders",49,0.69,Benewah_Idaho
Idaho,ID,Bingham,16011,Democrat,"Bernie Sanders",181,0.764,Bingham_Idaho
Idaho,ID,Blaine,16013,Democrat,"Bernie Sanders",539,0.683,Blaine_Idaho
Idaho,ID,Boise,16015,Democrat,"Bernie Sanders",76,0.679,Boise_Idaho
Idaho,ID,Bonner,16017,Democrat,"Bernie Sanders",716,0.793,Bonner_Idaho
Idaho,ID,Bonneville,16019,Democrat,"Bernie Sanders",822,0.791,Bonneville_Idaho
Idaho,ID,Boundary,16021,Democrat,"Bernie Sanders",158,0.84,Boundary_Idaho
Idaho,ID,Butte,16023,Democrat,"Bernie Sanders",20,0.769,Butte_Idaho
Idaho,ID,Camas,16025,Democrat,"Bernie Sanders",11,0.579,Camas_Idaho
Idaho,ID,Canyon,16027,Democrat,"Bernie Sanders",1312,0.818,Canyon_Idaho
Idaho,ID,Caribou,16029,Democrat,"Bernie Sanders",7,0.7,Caribou_Idaho
Idaho,ID,Cassia,16031,Democrat,"Bernie Sanders",57,0.613,Cassia_Idaho
Idaho,ID,Clearwater,16035,Democrat,"Bernie Sanders",53,0.582,Clearwater_Idaho
Idaho,ID,Gem,16045,Democrat,"Bernie Sanders",131,0.704,Gem_Idaho
Idaho,ID,Gooding,16047,Democrat,"Bernie Sanders",49,0.636,Gooding_Idaho
Idaho,ID,Jerome,16053,Democrat,"Bernie Sanders",107,0.77,Jerome_Idaho
Idaho,ID,Kootenai,16055,Democrat,"Bernie Sanders",1561,0.759,Kootenai_Idaho
Idaho,ID,Latah,16057,Democrat,"Bernie Sanders",1612,0.839,Latah_Idaho
Idaho,ID,Lemhi,16059,Democrat,"Bernie Sanders",71,0.755,Lemhi_Idaho
Idaho,ID,Minidoka,16067,Democrat,"Bernie Sanders",51,0.654,Minidoka_Idaho
Idaho,ID,"Nez Perce",16069,Democrat,"Bernie Sanders",383,0.707,"Nez Perce_Idaho"
Idaho,ID,Oneida,16071,Democrat,"Bernie Sanders",6,0.545,Oneida_Idaho
Idaho,ID,Owyhee,16073,Democrat,"Bernie Sanders",40,0.645,Owyhee_Idaho
Idaho,ID,Payette,16075,Democrat,"Bernie Sanders",91,0.664,Payette_Idaho
Idaho,ID,Power,16077,Democrat,"Bernie Sanders",45,0.703,Power_Idaho
Idaho,ID,Shoshone,16079,Democrat,"Bernie Sanders",85,0.654,Shoshone_Idaho
Idaho,ID,Teton,16081,Democrat,"Bernie Sanders",311,0.778,Teton_Idaho
Idaho,ID,"Twin Falls",16083,Democrat,"Bernie Sanders",522,0.722,"Twin Falls_Idaho"
Idaho,ID,Valley,16085,Democrat,"Bernie Sanders",198,0.731,Valley_Idaho
Illinois,IL,Bond,17005,Democrat,"Bernie Sanders",858,0.534,Bond_Illinois
Illinois,IL,Bureau,17011,Democrat,"Bernie Sanders",1852,0.542,Bureau_Illinois
Illinois,IL,Champaign,17019,Democrat,"Bernie Sanders",20581,0.659,Champaign_Illinois
Illinois,IL,Coles,17029,Democrat,"Bernie Sanders",2522,0.59,Coles_Illinois
Illinois,IL,Edgar,17045,Democrat,"Bernie Sanders",468,0.497,Edgar_Illinois
Illinois,IL,Edwards,17047,Democrat,"Bernie Sanders",148,0.498,Edwards_Illinois
Illinois,IL,Effingham,17049,Democrat,"Bernie Sanders",1247,0.58,Effingham_Illinois
Illinois,IL,Ford,17053,Democrat,"Bernie Sanders",438,0.594,Ford_Illinois
Illinois,IL,Gallatin,17059,Democrat,"Bernie Sanders",663,0.504,Gallatin_Illinois
Illinois,IL,Grundy,17063,Democrat,"Bernie Sanders",3095,0.596,Grundy_Illinois
Illinois,IL,Iroquois,17075,Democrat,"Bernie Sanders",875,0.606,Iroquois_Illinois
Illinois,IL,Jersey,17083,Democrat,"Bernie Sanders",1069,0.545,Jersey_Illinois
Illinois,IL,Kane,17089,Democrat,"Bernie Sanders",31085,0.562,Kane_Illinois
Illinois,IL,Kankakee,17091,Democrat,"Bernie Sanders",5751,0.536,Kankakee_Illinois
Illinois,IL,Kendall,17093,Democrat,"Bernie Sanders",7482,0.584,Kendall_Illinois
Illinois,IL,Lake,17097,Democrat,"Hillary Clinton",49750,0.527,Lake_Illinois
Illinois,IL,Macon,17115,Democrat,"Hillary Clinton",5945,0.538,Macon_Illinois
Illinois,IL,Macoupin,17117,Democrat,"Bernie Sanders",3552,0.55,Macoupin_Illinois
Illinois,IL,Massac,17127,Democrat,"Hillary Clinton",539,0.513,Massac_Illinois
Illinois,IL,McDonough,17109,Democrat,"Bernie Sanders",1469,0.578,McDonough_Illinois
Illinois,IL,McHenry,17111,Democrat,"Bernie Sanders",15502,0.611,McHenry_Illinois
Illinois,IL,McLean,17113,Democrat,"Bernie Sanders",12936,0.624,McLean_Illinois
Illinois,IL,Menard,17129,Democrat,"Bernie Sanders",491,0.547,Menard_Illinois
Illinois,IL,Moultrie,17139,Democrat,"Bernie Sanders",566,0.54,Moultrie_Illinois
Illinois,IL,Ogle,17141,Democrat,"Bernie Sanders",2642,0.592,Ogle_Illinois
Illinois,IL,Peoria,17143,Democrat,"Hillary Clinton",11341,0.52,Peoria_Illinois
Illinois,IL,Piatt,17147,Democrat,"Bernie Sanders",1016,0.555,Piatt_Illinois
Illinois,IL,"Rock Island",17161,Democrat,"Hillary Clinton",10216,0.516,"Rock Island_Illinois"
Illinois,IL,Sangamon,17167,Democrat,"Bernie Sanders",10365,0.526,Sangamon_Illinois
Illinois,IL,Schuyler,17169,Democrat,"Hillary Clinton",368,0.544,Schuyler_Illinois
Illinois,IL,Stephenson,17177,Democrat,"Hillary Clinton",1953,0.502,Stephenson_Illinois
Illinois,IL,Tazewell,17179,Democrat,"Bernie Sanders",7154,0.545,Tazewell_Illinois
Illinois,IL,Vermilion,17183,Democrat,"Hillary Clinton",3017,0.512,Vermilion_Illinois
Illinois,IL,Wabash,17185,Democrat,"Hillary Clinton",356,0.499,Wabash_Illinois
Illinois,IL,Whiteside,17195,Democrat,"Bernie Sanders",3102,0.514,Whiteside_Illinois
Illinois,IL,Will,17197,Democrat,"Bernie Sanders",46305,0.524,Will_Illinois
Illinois,IL,Winnebago,17201,Democrat,"Bernie Sanders",16715,0.523,Winnebago_Illinois
Illinois,IL,Woodford,17203,Democrat,"Bernie Sanders",1616,0.555,Woodford_Illinois
Iowa,IA,Allamakee,19005,Democrat,"Hillary Clinton",304,0.507,Allamakee_Iowa
Iowa,IA,Appanoose,19007,Democrat,"Hillary Clinton",273,0.547,Appanoose_Iowa
Iowa,IA,Audubon,19009,Democrat,"Hillary Clinton",187,0.625,Audubon_Iowa
Iowa,IA,"Black Hawk",19013,Democrat,"Bernie Sanders",3647,0.529,"Black Hawk_Iowa"
Iowa,IA,Bremer,19017,Democrat,"Hillary Clinton",640,0.533,Bremer_Iowa
Iowa,IA,"Buena Vista",19021,Democrat,"Hillary Clinton",291,0.486,"Buena Vista_Iowa"
Iowa,IA,Cedar,19031,Democrat,"Bernie Sanders",445,0.557,Cedar_Iowa
Iowa,IA,"Cerro Gordo",19033,Democrat,"Bernie Sanders",1108,0.504,"Cerro Gordo_Iowa"
Iowa,IA,"Des Moines",19057,Democrat,"Bernie Sanders",1066,0.533,"Des Moines_Iowa"
Iowa,IA,Dubuque,19061,Democrat,"Hillary Clinton",2504,0.522,Dubuque_Iowa
Iowa,IA,Guthrie,19077,Democrat,"Hillary Clinton",220,0.55,Guthrie_Iowa
Iowa,IA,Humboldt,19091,Democrat,"Hillary Clinton",166,0.555,Humboldt_Iowa
Iowa,IA,Ida,19093,Democrat,"Hillary Clinton",106,0.533,Ida_Iowa
Iowa,IA,Iowa,19095,Democrat,"Hillary Clinton",357,0.51,Iowa_Iowa
Iowa,IA,Johnson,19103,Democrat,"Bernie Sanders",5473,0.595,Johnson_Iowa
Iowa,IA,Keokuk,19107,Democrat,"Hillary Clinton",250,0.625,Keokuk_Iowa
Iowa,IA,Kossuth,19109,Democrat,"Hillary Clinton",360,0.608,Kossuth_Iowa
Iowa,IA,Linn,19113,Democrat,"Bernie Sanders",6331,0.523,Linn_Iowa
Iowa,IA,Lyon,19119,Democrat,"Bernie Sanders",113,0.568,Lyon_Iowa
Iowa,IA,Mahaska,19123,Democrat,"Hillary Clinton",393,0.562,Mahaska_Iowa
Iowa,IA,Mills,19129,Democrat,"Hillary Clinton",255,0.511,Mills_Iowa
Iowa,IA,Monona,19133,Democrat,"Hillary Clinton",180,0.602,Monona_Iowa
Iowa,IA,Muscatine,19139,Democrat,"Bernie Sanders",972,0.54,Muscatine_Iowa
Iowa,IA,"Palo Alto",19147,Democrat,"Hillary Clinton",213,0.534,"Palo Alto_Iowa"
Iowa,IA,Pocahontas,19151,Democrat,"Hillary Clinton",198,0.66,Pocahontas_Iowa
Iowa,IA,Pottawattamie,19155,Democrat,"Bernie Sanders",1573,0.508,Pottawattamie_Iowa
Iowa,IA,Poweshiek,19157,Democrat,"Bernie Sanders",475,0.528,Poweshiek_Iowa
Iowa,IA,Ringgold,19159,Democrat,"Hillary Clinton",132,0.663,Ringgold_Iowa
Iowa,IA,Sac,19161,Democrat,"Hillary Clinton",165,0.55,Sac_Iowa
Iowa,IA,Scott,19163,Democrat,"Bernie Sanders",4144,0.505,Scott_Iowa
Iowa,IA,Sioux,19167,Democrat,"Bernie Sanders",202,0.506,Sioux_Iowa
Iowa,IA,Story,19169,Democrat,"Bernie Sanders",2737,0.595,Story_Iowa
Iowa,IA,Tama,19171,Democrat,"Hillary Clinton",476,0.529,Tama_Iowa
Iowa,IA,Wapello,19179,Democrat,"Hillary Clinton",817,0.548,Wapello_Iowa
Iowa,IA,Winneshiek,19191,Democrat,"Bernie Sanders",616,0.56,Winneshiek_Iowa
Iowa,IA,Woodbury,19193,Democrat,"Bernie Sanders",1920,0.533,Woodbury_Iowa
Louisiana,LA,Acadia,22001,Democrat,"Hillary Clinton",1862,0.537,Acadia_Louisiana
Louisiana,LA,Ascension,22005,Democrat,"Hillary Clinton",4221,0.711,Ascension_Louisiana
Louisiana,LA,Assumption,22007,Democrat,"Hillary Clinton",1139,0.714,Assumption_Louisiana
Louisiana,LA,Avoyelles,22009,Democrat,"Hillary Clinton",1181,0.64,Avoyelles_Louisiana
Louisiana,LA,Beauregard,22011,Democrat,"Hillary Clinton",679,0.535,Beauregard_Louisiana
Louisiana,LA,Bienville,22013,Democrat,"Hillary Clinton",1056,0.769,Bienville_Louisiana
Louisiana,LA,Bossier,22015,Democrat,"Hillary Clinton",2919,0.665,Bossier_Louisiana
Louisiana,LA,Caddo,22017,Democrat,"Hillary Clinton",16666,0.798,Caddo_Louisiana
Louisiana,LA,Calcasieu,22019,Democrat,"Hillary Clinton",6594,0.657,Calcasieu_Louisiana
Louisiana,LA,Catahoula,22025,Democrat,"Hillary Clinton",431,0.606,Catahoula_Louisiana
Louisiana,LA,Concordia,22029,Democrat,"Hillary Clinton",1830,0.767,Concordia_Louisiana
Louisiana,LA,"East Baton Rouge",22033,Democrat,"Hillary Clinton",32960,0.784,"East Baton Rouge_Louisiana"
Louisiana,LA,"East Carroll",22035,Democrat,"Hillary Clinton",508,0.88,"East Carroll_Louisiana"
Louisiana,LA,"East Feliciana",22037,Democrat,"Hillary Clinton",1847,0.776,"East Feliciana_Louisiana"
Louisiana,LA,Evangeline,22039,Democrat,"Hillary Clinton",1319,0.631,Evangeline_Louisiana
Louisiana,LA,Iberia,22045,Democrat,"Hillary Clinton",2171,0.664,Iberia_Louisiana
Louisiana,LA,Iberville,22047,Democrat,"Hillary Clinton",3699,0.696,Iberville_Louisiana
Louisiana,LA,Lafayette,22055,Democrat,"Hillary Clinton",5920,0.597,Lafayette_Louisiana
Louisiana,LA,Lafourche,22057,Democrat,"Hillary Clinton",2512,0.505,Lafourche_Louisiana
Louisiana,LA,Morehouse,22067,Democrat,"Hillary Clinton",1513,0.788,Morehouse_Louisiana
Louisiana,LA,Natchitoches,22069,Democrat,"Hillary Clinton",2545,0.681,Natchitoches_Louisiana
Louisiana,LA,Orleans,22071,Democrat,"Hillary Clinton",40601,0.747,Orleans_Louisiana
Louisiana,LA,Ouachita,22073,Democrat,"Hillary Clinton",8995,0.786,Ouachita_Louisiana
Louisiana,LA,Plaquemines,22075,Democrat,"Hillary Clinton",674,0.716,Plaquemines_Louisiana
Louisiana,LA,"Pointe Coupee",22077,Democrat,"Hillary Clinton",1680,0.767,"Pointe Coupee_Louisiana"
Louisiana,LA,Rapides,22079,Democrat,"Hillary Clinton",4722,0.713,Rapides_Louisiana
Louisiana,LA,"Red River",22081,Democrat,"Hillary Clinton",530,0.753,"Red River_Louisiana"
Louisiana,LA,Sabine,22085,Democrat,"Hillary Clinton",387,0.498,Sabine_Louisiana
Louisiana,LA,Tangipahoa,22105,Democrat,"Hillary Clinton",4267,0.657,Tangipahoa_Louisiana
Louisiana,LA,Tensas,22107,Democrat,"Hillary Clinton",492,0.828,Tensas_Louisiana
Louisiana,LA,Terrebonne,22109,Democrat,"Hillary Clinton",2647,0.667,Terrebonne_Louisiana
Louisiana,LA,Vernon,22115,Democrat,"Hillary Clinton",610,0.495,Vernon_Louisiana
Louisiana,LA,Webster,22119,Democrat,"Hillary Clinton",1878,0.748,Webster_Louisiana
Louisiana,LA,"West Baton Rouge",22121,Democrat,"Hillary Clinton",2178,0.734,"West Baton Rouge_Louisiana"
Louisiana,LA,"West Carroll",22123,Democrat,"Hillary Clinton",171,0.49,"West Carroll_Louisiana"
Louisiana,LA,"West Feliciana",22125,Democrat,"Hillary Clinton",902,0.801,"West Feliciana_Louisiana"
Louisiana,LA,Winn,22127,Democrat,"Hillary Clinton",488,0.635,Winn_Louisiana
Maine,ME,Oxford,23017,Democrat,"Bernie Sanders",4,0.667,Oxford_Maine
Maine,ME,Penobscot,23019,Democrat,"Bernie Sanders",4,0.8,Penobscot_Maine
Maine,ME,Waldo,23027,Democrat,"Hillary Clinton",0,0,Waldo_Maine
Massachusetts,MA,Barnstable,25001,Democrat,"Bernie Sanders",4020,0.516,Barnstable_Massachusetts
Massachusetts,MA,Hampden,25013,Democrat,"Bernie Sanders",375,0.527,Hampden_Massachusetts
Massachusetts,MA,Nantucket,25019,Democrat,"Bernie Sanders",1051,0.514,Nantucket_Massachusetts
Massachusetts,MA,Plymouth,25023,Democrat,"Bernie Sanders",4997,0.529,Plymouth_Massachusetts
Massachusetts,MA,Worcester,25027,Democrat,"Hillary Clinton",12132,0.504,Worcester_Massachusetts
Michigan,MI,Alcona,26001,Democrat,"Hillary Clinton",463,0.487,Alcona_Michigan
Michigan,MI,Alger,26003,Democrat,"Bernie Sanders",622,0.6,Alger_Michigan
Michigan,MI,Allegan,26005,Democrat,"Bernie Sanders",5545,0.603,Allegan_Michigan
Michigan,MI,Alpena,26007,Democrat,"Bernie Sanders",1347,0.541,Alpena_Michigan
Michigan,MI,Antrim,26009,Democrat,"Bernie Sanders",1491,0.621,Antrim_Michigan
Michigan,MI,Arenac,26011,Democrat,"Bernie Sanders",663,0.514,Arenac_Michigan
Michigan,MI,Baraga,26013,Democrat,"Bernie Sanders",371,0.555,Baraga_Michigan
Michigan,MI,Barry,26015,Democrat,"Bernie Sanders",3078,0.628,Barry_Michigan
Michigan,MI,Bay,26017,Democrat,"Bernie Sanders",6363,0.493,Bay_Michigan
Michigan,MI,Benzie,26019,Democrat,"Bernie Sanders",1650,0.648,Benzie_Michigan
Michigan,MI,Berrien,26021,Democrat,"Hillary Clinton",6646,0.526,Berrien_Michigan
Michigan,MI,Branch,26023,Democrat,"Bernie Sanders",1246,0.536,Branch_Michigan
Michigan,MI,Calhoun,26025,Democrat,"Bernie Sanders",5810,0.515,Calhoun_Michigan
Michigan,MI,Charlevoix,26029,Democrat,"Bernie Sanders",1730,0.609,Charlevoix_Michigan
Michigan,MI,Cheboygan,26031,Democrat,"Bernie Sanders",1318,0.556,Cheboygan_Michigan
Michigan,MI,Chippewa,26033,Democrat,"Bernie Sanders",1789,0.58,Chippewa_Michigan
Michigan,MI,Clare,26035,Democrat,"Bernie Sanders",1239,0.52,Clare_Michigan
Michigan,MI,Clinton,26037,Democrat,"Bernie Sanders",4524,0.558,Clinton_Michigan
Michigan,MI,Delta,26041,Democrat,"Bernie Sanders",1705,0.524,Delta_Michigan
Michigan,MI,Dickinson,26043,Democrat,"Bernie Sanders",1075,0.515,Dickinson_Michigan
Michigan,MI,Eaton,26045,Democrat,"Bernie Sanders",7007,0.556,Eaton_Michigan
Michigan,MI,Emmet,26047,Democrat,"Bernie Sanders",2589,0.641,Emmet_Michigan
Michigan,MI,Genesee,26049,Democrat,"Hillary Clinton",31284,0.517,Genesee_Michigan
Michigan,MI,Gladwin,26051,Democrat,"Bernie Sanders",1083,0.509,Gladwin_Michigan
Michigan,MI,Gogebic,26053,Democrat,"Bernie Sanders",790,0.523,Gogebic_Michigan
Michigan,MI,"Grand Traverse",26055,Democrat,"Bernie Sanders",8091,0.649,"Grand Traverse_Michigan"
Michigan,MI,Gratiot,26057,Democrat,"Bernie Sanders",1812,0.603,Gratiot_Michigan
Michigan,MI,Hillsdale,26059,Democrat,"Bernie Sanders",1380,0.567,Hillsdale_Michigan
Michigan,MI,Houghton,26061,Democrat,"Bernie Sanders",2039,0.64,Houghton_Michigan
Michigan,MI,Ingham,26065,Democrat,"Bernie Sanders",22909,0.547,Ingham_Michigan
Michigan,MI,Ionia,26067,Democrat,"Bernie Sanders",2812,0.641,Ionia_Michigan
Michigan,MI,Iosco,26069,Democrat,"Bernie Sanders",1202,0.514,Iosco_Michigan
Michigan,MI,Isabella,26073,Democrat,"Bernie Sanders",4024,0.657,Isabella_Michigan
Michigan,MI,Kalamazoo,26077,Democrat,"Bernie Sanders",20146,0.606,Kalamazoo_Michigan
Michigan,MI,Kalkaska,26079,Democrat,"Bernie Sanders",987,0.623,Kalkaska_Michigan
Michigan,MI,Kent,26081,Democrat,"Bernie Sanders",43375,0.625,Kent_Michigan
Michigan,MI,Keweenaw,26083,Democrat,"Bernie Sanders",188,0.584,Keweenaw_Michigan
Michigan,MI,Lapeer,26087,Democrat,"Bernie Sanders",4650,0.565,Lapeer_Michigan
Michigan,MI,Leelanau,26089,Democrat,"Bernie Sanders",2359,0.61,Leelanau_Michigan
Michigan,MI,Lenawee,26091,Democrat,"Bernie Sanders",4256,0.539,Lenawee_Michigan
Michigan,MI,Livingston,26093,Democrat,"Bernie Sanders",10435,0.594,Livingston_Michigan
Michigan,MI,Luce,26095,Democrat,"Bernie Sanders",291,0.618,Luce_Michigan
Michigan,MI,Mackinac,26097,Democrat,"Bernie Sanders",633,0.555,Mackinac_Michigan
Michigan,MI,Macomb,26099,Democrat,"Hillary Clinton",47597,0.488,Macomb_Michigan
Michigan,MI,Manistee,26101,Democrat,"Bernie Sanders",1646,0.582,Manistee_Michigan
Michigan,MI,Marquette,26103,Democrat,"Bernie Sanders",5530,0.617,Marquette_Michigan
Michigan,MI,Mason,26105,Democrat,"Bernie Sanders",1741,0.577,Mason_Michigan
Michigan,MI,Mecosta,26107,Democrat,"Bernie Sanders",1767,0.586,Mecosta_Michigan
Michigan,MI,Menominee,26109,Democrat,"Hillary Clinton",835,0.487,Menominee_Michigan
Michigan,MI,Midland,26111,Democrat,"Bernie Sanders",4568,0.587,Midland_Michigan
Michigan,MI,Missaukee,26113,Democrat,"Bernie Sanders",591,0.577,Missaukee_Michigan
Michigan,MI,Monroe,26115,Democrat,"Bernie Sanders",6842,0.481,Monroe_Michigan
Michigan,MI,Montcalm,26117,Democrat,"Bernie Sanders",2762,0.605,Montcalm_Michigan
Michigan,MI,Montmorency,26119,Democrat,"Hillary Clinton",392,0.487,Montmorency_Michigan
Michigan,MI,Muskegon,26121,Democrat,"Bernie Sanders",10062,0.537,Muskegon_Michigan
Michigan,MI,Newaygo,26123,Democrat,"Bernie Sanders",2139,0.607,Newaygo_Michigan
Michigan,MI,Oakland,26125,Democrat,"Hillary Clinton",92296,0.514,Oakland_Michigan
Michigan,MI,Oceana,26127,Democrat,"Bernie Sanders",1237,0.598,Oceana_Michigan
Michigan,MI,Ogemaw,26129,Democrat,"Bernie Sanders",926,0.497,Ogemaw_Michigan
Michigan,MI,Ontonagon,26131,Democrat,"Bernie Sanders",362,0.491,Ontonagon_Michigan
Michigan,MI,Oscoda,26135,Democrat,"Bernie Sanders",315,0.518,Oscoda_Michigan
Michigan,MI,Otsego,26137,Democrat,"Bernie Sanders",1228,0.593,Otsego_Michigan
Michigan,MI,Ottawa,26139,Democrat,"Bernie Sanders",14334,0.642,Ottawa_Michigan
Michigan,MI,"Presque Isle",26141,Democrat,"Bernie Sanders",606,0.488,"Presque Isle_Michigan"
Michigan,MI,Roscommon,26143,Democrat,"Bernie Sanders",1187,0.483,Roscommon_Michigan
Michigan,MI,Saginaw,26145,Democrat,"Hillary Clinton",12348,0.552,Saginaw_Michigan
Michigan,MI,Sanilac,26151,Democrat,"Bernie Sanders",1485,0.538,Sanilac_Michigan
Michigan,MI,Schoolcraft,26153,Democrat,"Bernie Sanders",345,0.506,Schoolcraft_Michigan
Michigan,MI,Shiawassee,26155,Democrat,"Bernie Sanders",4452,0.578,Shiawassee_Michigan
Michigan,MI,Tuscola,26157,Democrat,"Bernie Sanders",2532,0.544,Tuscola_Michigan
Michigan,MI,"Van Buren",26159,Democrat,"Bernie Sanders",3656,0.585,"Van Buren_Michigan"
Michigan,MI,Washtenaw,26161,Democrat,"Bernie Sanders",38063,0.554,Washtenaw_Michigan
Michigan,MI,Wayne,26163,Democrat,"Hillary Clinton",163886,0.6,Wayne_Michigan
Michigan,MI,Wexford,26165,Democrat,"Bernie Sanders",1793,0.65,Wexford_Michigan
Mississippi,MS,Alcorn,28003,Democrat,"Hillary Clinton",809,0.708,Alcorn_Mississippi
Mississippi,MS,Amite,28005,Democrat,"Hillary Clinton",1212,0.89,Amite_Mississippi
Mississippi,MS,Attala,28007,Democrat,"Hillary Clinton",1519,0.877,Attala_Mississippi
Mississippi,MS,Bolivar,28011,Democrat,"Hillary Clinton",3029,0.854,Bolivar_Mississippi
Mississippi,MS,Chickasaw,28017,Democrat,"Hillary Clinton",1398,0.831,Chickasaw_Mississippi
Mississippi,MS,Claiborne,28021,Democrat,"Hillary Clinton",1411,0.903,Claiborne_Mississippi
Mississippi,MS,Coahoma,28027,Democrat,"Hillary Clinton",2301,0.823,Coahoma_Mississippi
Mississippi,MS,Copiah,28029,Democrat,"Hillary Clinton",3373,0.882,Copiah_Mississippi
Mississippi,MS,Covington,28031,Democrat,"Hillary Clinton",1356,0.882,Covington_Mississippi
Mississippi,MS,Forrest,28035,Democrat,"Hillary Clinton",3708,0.731,Forrest_Mississippi
Mississippi,MS,George,28039,Democrat,"Hillary Clinton",349,0.721,George_Mississippi
Mississippi,MS,Grenada,28043,Democrat,"Hillary Clinton",1634,0.86,Grenada_Mississippi
Mississippi,MS,Harrison,28047,Democrat,"Hillary Clinton",6886,0.743,Harrison_Mississippi
Mississippi,MS,Hinds,28049,Democrat,"Hillary Clinton",31386,0.841,Hinds_Mississippi
Mississippi,MS,Holmes,28051,Democrat,"Hillary Clinton",3301,0.929,Holmes_Mississippi
Mississippi,MS,Humphreys,28053,Democrat,"Hillary Clinton",2894,0.942,Humphreys_Mississippi
Mississippi,MS,Issaquena,28055,Democrat,"Hillary Clinton",175,0.884,Issaquena_Mississippi
Mississippi,MS,Itawamba,28057,Democrat,"Hillary Clinton",377,0.692,Itawamba_Mississippi
Mississippi,MS,Jones,28067,Democrat,"Hillary Clinton",2681,0.835,Jones_Mississippi
Mississippi,MS,Kemper,28069,Democrat,"Hillary Clinton",1008,0.892,Kemper_Mississippi
Mississippi,MS,Lamar,28073,Democrat,"Hillary Clinton",1464,0.725,Lamar_Mississippi
Mississippi,MS,Leake,28079,Democrat,"Hillary Clinton",1614,0.854,Leake_Mississippi
Mississippi,MS,Leflore,28083,Democrat,"Hillary Clinton",2094,0.904,Leflore_Mississippi
Mississippi,MS,Lowndes,28087,Democrat,"Hillary Clinton",4030,0.824,Lowndes_Mississippi
Mississippi,MS,Marshall,28093,Democrat,"Hillary Clinton",3361,0.887,Marshall_Mississippi
Mississippi,MS,Neshoba,28099,Democrat,"Hillary Clinton",929,0.781,Neshoba_Mississippi
Mississippi,MS,Noxubee,28103,Democrat,"Hillary Clinton",1397,0.905,Noxubee_Mississippi
Mississippi,MS,Oktibbeha,28105,Democrat,"Hillary Clinton",2389,0.758,Oktibbeha_Mississippi
Mississippi,MS,Panola,28107,Democrat,"Hillary Clinton",3061,0.858,Panola_Mississippi
Mississippi,MS,"Pearl River",28109,Democrat,"Hillary Clinton",974,0.724,"Pearl River_Mississippi"
Mississippi,MS,Pike,28113,Democrat,"Hillary Clinton",2870,0.865,Pike_Mississippi
Mississippi,MS,Prentiss,28117,Democrat,"Hillary Clinton",681,0.71,Prentiss_Mississippi
Mississippi,MS,Quitman,28119,Democrat,"Hillary Clinton",986,0.853,Quitman_Mississippi
Mississippi,MS,Rankin,28121,Democrat,"Hillary Clinton",4689,0.771,Rankin_Mississippi
Mississippi,MS,Sharkey,28125,Democrat,"Hillary Clinton",645,0.914,Sharkey_Mississippi
Mississippi,MS,Simpson,28127,Democrat,"Hillary Clinton",1855,0.853,Simpson_Mississippi
Mississippi,MS,Sunflower,28133,Democrat,"Hillary Clinton",2332,0.878,Sunflower_Mississippi
Mississippi,MS,Tallahatchie,28135,Democrat,"Hillary Clinton",1341,0.874,Tallahatchie_Mississippi
Mississippi,MS,Tate,28137,Democrat,"Hillary Clinton",1435,0.851,Tate_Mississippi
Mississippi,MS,Tippah,28139,Democrat,"Hillary Clinton",575,0.749,Tippah_Mississippi
Mississippi,MS,Tishomingo,28141,Democrat,"Hillary Clinton",361,0.613,Tishomingo_Mississippi
Mississippi,MS,Tunica,28143,Democrat,"Hillary Clinton",904,0.774,Tunica_Mississippi
Mississippi,MS,Walthall,28147,Democrat,"Hillary Clinton",1111,0.885,Walthall_Mississippi
Mississippi,MS,Wilkinson,28157,Democrat,"Hillary Clinton",1269,0.934,Wilkinson_Mississippi
Mississippi,MS,Winston,28159,Democrat,"Hillary Clinton",1442,0.863,Winston_Mississippi
Mississippi,MS,Yalobusha,28161,Democrat,"Hillary Clinton",1214,0.842,Yalobusha_Mississippi
Mississippi,MS,Yazoo,28163,Democrat,"Hillary Clinton",2203,0.908,Yazoo_Mississippi
Missouri,MO,Adair,29001,Democrat,"Bernie Sanders",1153,0.588,Adair_Missouri
Missouri,MO,Andrew,29003,Democrat,"Bernie Sanders",728,0.584,Andrew_Missouri
Missouri,MO,Atchison,29005,Democrat,"Bernie Sanders",173,0.546,Atchison_Missouri
Missouri,MO,Audrain,29007,Democrat,"Hillary Clinton",749,0.496,Audrain_Missouri
Missouri,MO,Barton,29011,Democrat,"Bernie Sanders",214,0.502,Barton_Missouri
Missouri,MO,Bates,29013,Democrat,"Bernie Sanders",632,0.531,Bates_Missouri
Missouri,MO,Bollinger,29017,Democrat,"Hillary Clinton",242,0.538,Bollinger_Missouri
Missouri,MO,Boone,29019,Democrat,"Bernie Sanders",15076,0.606,Boone_Missouri
Missouri,MO,Buchanan,29021,Democrat,"Bernie Sanders",4148,0.537,Buchanan_Missouri
Missouri,MO,Callaway,29027,Democrat,"Bernie Sanders",1678,0.542,Callaway_Missouri
Missouri,MO,Camden,29029,Democrat,"Bernie Sanders",1419,0.499,Camden_Missouri
Missouri,MO,"Cape Girardeau",29031,Democrat,"Bernie Sanders",2335,0.524,"Cape Girardeau_Missouri"
Missouri,MO,Cass,29037,Democrat,"Bernie Sanders",4185,0.521,Cass_Missouri
Missouri,MO,Chariton,29041,Democrat,"Hillary Clinton",321,0.521,Chariton_Missouri
Missouri,MO,Christian,29043,Democrat,"Bernie Sanders",3073,0.584,Christian_Missouri
Missouri,MO,Clay,29047,Democrat,"Bernie Sanders",12542,0.537,Clay_Missouri
Missouri,MO,Cole,29051,Democrat,"Bernie Sanders",3303,0.535,Cole_Missouri
Missouri,MO,Cooper,29053,Democrat,"Hillary Clinton",516,0.501,Cooper_Missouri
Missouri,MO,Daviess,29061,Democrat,"Hillary Clinton",239,0.51,Daviess_Missouri
Missouri,MO,Dent,29065,Democrat,"Bernie Sanders",449,0.556,Dent_Missouri
Missouri,MO,Dunklin,29069,Democrat,"Hillary Clinton",724,0.609,Dunklin_Missouri
Missouri,MO,Gasconade,29073,Democrat,"Bernie Sanders",507,0.553,Gasconade_Missouri
Missouri,MO,Gentry,29075,Democrat,"Bernie Sanders",176,0.494,Gentry_Missouri
Missouri,MO,Greene,29077,Democrat,"Bernie Sanders",17403,0.611,Greene_Missouri
Missouri,MO,Hickory,29085,Democrat,"Hillary Clinton",73,0.537,Hickory_Missouri
Missouri,MO,Holt,29087,Democrat,"Hillary Clinton",128,0.522,Holt_Missouri
Missouri,MO,Howell,29091,Democrat,"Bernie Sanders",1209,0.584,Howell_Missouri
Missouri,MO,Jackson,29095,Democrat,"Hillary Clinton",48860,0.529,Jackson_Missouri
Missouri,MO,Jasper,29097,Democrat,"Bernie Sanders",3826,0.62,Jasper_Missouri
Missouri,MO,LaClede,29105,Democrat,"Bernie Sanders",927,0.548,LaClede_Missouri
Missouri,MO,Lewis,29111,Democrat,"Hillary Clinton",239,0.483,Lewis_Missouri
Missouri,MO,Maries,29125,Democrat,"Hillary Clinton",305,0.502,Maries_Missouri
Missouri,MO,McDonald,29119,Democrat,"Bernie Sanders",385,0.503,McDonald_Missouri
Missouri,MO,Moniteau,29135,Democrat,"Bernie Sanders",409,0.537,Moniteau_Missouri
Missouri,MO,"New Madrid",29143,Democrat,"Hillary Clinton",691,0.642,"New Madrid_Missouri"
Missouri,MO,Nodaway,29147,Democrat,"Bernie Sanders",831,0.561,Nodaway_Missouri
Missouri,MO,Oregon,29149,Democrat,"Hillary Clinton",319,0.53,Oregon_Missouri
Missouri,MO,Ozark,29153,Democrat,"Bernie Sanders",293,0.568,Ozark_Missouri
Missouri,MO,Pemiscot,29155,Democrat,"Hillary Clinton",602,0.694,Pemiscot_Missouri
Missouri,MO,Pettis,29159,Democrat,"Bernie Sanders",1509,0.535,Pettis_Missouri
Missouri,MO,Phelps,29161,Democrat,"Bernie Sanders",1744,0.589,Phelps_Missouri
Missouri,MO,Platte,29165,Democrat,"Bernie Sanders",5142,0.521,Platte_Missouri
Missouri,MO,Ralls,29173,Democrat,"Hillary Clinton",415,0.545,Ralls_Missouri
Missouri,MO,Ray,29177,Democrat,"Bernie Sanders",968,0.495,Ray_Missouri
Missouri,MO,Reynolds,29179,Democrat,"Hillary Clinton",230,0.471,Reynolds_Missouri
Missouri,MO,Ripley,29181,Democrat,"Hillary Clinton",259,0.491,Ripley_Missouri
Missouri,MO,Shannon,29203,Democrat,"Hillary Clinton",317,0.506,Shannon_Missouri
Missouri,MO,Stoddard,29207,Democrat,"Hillary Clinton",674,0.566,Stoddard_Missouri
Missouri,MO,Stone,29209,Democrat,"Bernie Sanders",885,0.515,Stone_Missouri
Missouri,MO,Taney,29213,Democrat,"Bernie Sanders",1373,0.529,Taney_Missouri
Missouri,MO,Texas,29215,Democrat,"Bernie Sanders",666,0.512,Texas_Missouri
Missouri,MO,Wright,29229,Democrat,"Hillary Clinton",402,0.505,Wright_Missouri
Nebraska,NE,Antelope,31003,Democrat,"Hillary Clinton",27,0.54,Antelope_Nebraska
Nebraska,NE,Arthur,31005,Democrat,"Bernie Sanders",3,0.75,Arthur_Nebraska
Nebraska,NE,Banner,31007,Democrat,"Hillary Clinton",4,0.571,Banner_Nebraska
Nebraska,NE,"Box Butte",31013,Democrat,"Bernie Sanders",75,0.625,"Box Butte_Nebraska"
Nebraska,NE,Boyd,31015,Democrat,"Hillary Clinton",13,0.565,Boyd_Nebraska
Nebraska,NE,Buffalo,31019,Democrat,"Bernie Sanders",468,0.692,Buffalo_Nebraska
Nebraska,NE,Burt,31021,Democrat,"Hillary Clinton",54,0.563,Burt_Nebraska
Nebraska,NE,Chase,31029,Democrat,"Hillary Clinton",16,0.615,Chase_Nebraska
Nebraska,NE,Cherry,31031,Democrat,"Hillary Clinton",20,0.645,Cherry_Nebraska
Nebraska,NE,Cheyenne,31033,Democrat,"Bernie Sanders",44,0.611,Cheyenne_Nebraska
Nebraska,NE,Colfax,31037,Democrat,"Hillary Clinton",24,0.6,Colfax_Nebraska
Nebraska,NE,Cuming,31039,Democrat,"Hillary Clinton",34,0.567,Cuming_Nebraska
Nebraska,NE,Dakota,31043,Democrat,"Bernie Sanders",99,0.566,Dakota_Nebraska
Nebraska,NE,Dawes,31045,Democrat,"Bernie Sanders",127,0.686,Dawes_Nebraska
Nebraska,NE,Deuel,31049,Democrat,"Bernie Sanders",3,0.6,Deuel_Nebraska
Nebraska,NE,Dixon,31051,Democrat,"Bernie Sanders",33,0.541,Dixon_Nebraska
Nebraska,NE,Dundy,31057,Democrat,"Hillary Clinton",14,0.933,Dundy_Nebraska
Nebraska,NE,Fillmore,31059,Democrat,"Hillary Clinton",34,0.5,Fillmore_Nebraska
Nebraska,NE,Frontier,31063,Democrat,"Hillary Clinton",9,0.643,Frontier_Nebraska
Nebraska,NE,Furnas,31065,Democrat,"Bernie Sanders",13,0.52,Furnas_Nebraska
Nebraska,NE,Gage,31067,Democrat,"Hillary Clinton",175,0.543,Gage_Nebraska
Nebraska,NE,Garden,31069,Democrat,"Bernie Sanders",13,0.619,Garden_Nebraska
Nebraska,NE,Gosper,31073,Democrat,"Bernie Sanders",17,0.586,Gosper_Nebraska
Nebraska,NE,Greeley,31077,Democrat,"Hillary Clinton",11,0.55,Greeley_Nebraska
Nebraska,NE,Harlan,31083,Democrat,"Hillary Clinton",13,0.52,Harlan_Nebraska
Nebraska,NE,Hayes,31085,Democrat,"Hillary Clinton",9,1,Hayes_Nebraska
Nebraska,NE,Hitchcock,31087,Democrat,"Hillary Clinton",6,0.6,Hitchcock_Nebraska
Nebraska,NE,Hooker,31091,Democrat,"Bernie Sanders",4,0.571,Hooker_Nebraska
Nebraska,NE,Kearney,31099,Democrat,"Bernie Sanders",36,0.514,Kearney_Nebraska
Nebraska,NE,Keith,31101,Democrat,"Hillary Clinton",40,0.519,Keith_Nebraska
Nebraska,NE,"Keya Paha",31103,Democrat,"Bernie Sanders",5,0.556,"Keya Paha_Nebraska"
Nebraska,NE,Kimball,31105,Democrat,"Bernie Sanders",15,0.652,Kimball_Nebraska
Nebraska,NE,Lancaster,31109,Democrat,"Bernie Sanders",6456,0.617,Lancaster_Nebraska
Nebraska,NE,Loup,31115,Democrat,"Bernie Sanders",6,0.545,Loup_Nebraska
Nebraska,NE,McPherson,31117,Democrat,"Hillary Clinton",3,0.75,McPherson_Nebraska
Nebraska,NE,Merrick,31121,Democrat,"Hillary Clinton",35,0.583,Merrick_Nebraska
Nebraska,NE,Morrill,31123,Democrat,"Bernie Sanders",18,0.581,Morrill_Nebraska
Nebraska,NE,Nance,31125,Democrat,"Hillary Clinton",14,0.56,Nance_Nebraska
Nebraska,NE,Nemaha,31127,Democrat,"Bernie Sanders",39,0.527,Nemaha_Nebraska
Nebraska,NE,Nuckolls,31129,Democrat,"Bernie Sanders",18,0.514,Nuckolls_Nebraska
Nebraska,NE,Otoe,31131,Democrat,"Bernie Sanders",104,0.578,Otoe_Nebraska
Nebraska,NE,Perkins,31135,Democrat,"Hillary Clinton",16,0.762,Perkins_Nebraska
Nebraska,NE,"Red Willow",31145,Democrat,"Bernie Sanders",46,0.648,"Red Willow_Nebraska"
Nebraska,NE,Richardson,31147,Democrat,"Hillary Clinton",36,0.563,Richardson_Nebraska
Nebraska,NE,Rock,31149,Democrat,"Bernie Sanders",7,0.7,Rock_Nebraska
Nebraska,NE,Sarpy,31153,Democrat,"Bernie Sanders",1620,0.596,Sarpy_Nebraska
Nebraska,NE,Saunders,31155,Democrat,"Bernie Sanders",181,0.635,Saunders_Nebraska
Nebraska,NE,"Scotts Bluff",31157,Democrat,"Bernie Sanders",206,0.626,"Scotts Bluff_Nebraska"
Nebraska,NE,Seward,31159,Democrat,"Bernie Sanders",121,0.585,Seward_Nebraska
Nebraska,NE,Sheridan,31161,Democrat,"Bernie Sanders",16,0.615,Sheridan_Nebraska
Nebraska,NE,Sherman,31163,Democrat,"Bernie Sanders",21,0.656,Sherman_Nebraska
Nebraska,NE,Stanton,31167,Democrat,"Bernie Sanders",35,0.648,Stanton_Nebraska
Nebraska,NE,Thayer,31169,Democrat,"Hillary Clinton",40,0.69,Thayer_Nebraska
Nebraska,NE,Thurston,31173,Democrat,"Bernie Sanders",27,0.529,Thurston_Nebraska
Nevada,NV,"Carson City",32510,Democrat,"Bernie Sanders",83,0.512,"Carson City_Nevada"
Nevada,NV,Churchill,32001,Democrat,"Hillary Clinton",46,0.5,Churchill_Nevada
Nevada,NV,Elko,32007,Democrat,"Bernie Sanders",48,0.558,Elko_Nevada
Nevada,NV,Esmeralda,32009,Democrat,"Bernie Sanders",15,0.682,Esmeralda_Nevada
Nevada,NV,Eureka,32011,Democrat,"Bernie Sanders",19,0.864,Eureka_Nevada
Nevada,NV,Lander,32015,Democrat,"Bernie Sanders",48,0.696,Lander_Nevada
Nevada,NV,Mineral,32021,Democrat,"Hillary Clinton",39,0.534,Mineral_Nevada
Nevada,NV,Nye,32023,Democrat,"Hillary Clinton",94,0.588,Nye_Nevada
Nevada,NV,Pershing,32027,Democrat,"Bernie Sanders",33,0.493,Pershing_Nevada
Nevada,NV,Storey,32029,Democrat,"Hillary Clinton",31,0.5,Storey_Nevada
Nevada,NV,Washoe,32031,Democrat,"Bernie Sanders",1015,0.54,Washoe_Nevada
Nevada,NV,"White Pine",32033,Democrat,"Hillary Clinton",47,0.505,"White Pine_Nevada"
"New Hampshire",NH,Belknap,33001,Democrat,"Bernie Sanders",5990,0.631856540084388,"Belknap_New Hampshire"
"New Hampshire",NH,Carroll,33003,Democrat,"Bernie Sanders",5655,0.636465953854812,"Carroll_New Hampshire"
"New Hampshire",NH,Cheshire,33005,Democrat,"Bernie Sanders",12471,0.70709304303453,"Cheshire_New Hampshire"
"New Hampshire",NH,Coos,33007,Democrat,"Bernie Sanders",3637,0.643716814159292,"Coos_New Hampshire"
"New Hampshire",NH,Grafton,33009,Democrat,"Bernie Sanders",14258,0.673309406875708,"Grafton_New Hampshire"
"New Hampshire",NH,Merrimack,33013,Democrat,"Bernie Sanders",18076,0.596863133564471,"Merrimack_New Hampshire"
"New Hampshire",NH,Rockingham,33015,Democrat,"Bernie Sanders",31080,0.57652711050103,"Rockingham_New Hampshire"
"New Hampshire",NH,Strafford,33017,Democrat,"Bernie Sanders",15865,0.643193059271872,"Strafford_New Hampshire"
"New Hampshire",NH,Sullivan,33019,Democrat,"Bernie Sanders",5906,0.702844222301559,"Sullivan_New Hampshire"
"North Carolina",NC,Alamance,37001,Democrat,"Hillary Clinton",7374,0.537,"Alamance_North Carolina"
"North Carolina",NC,Alexander,37003,Democrat,"Hillary Clinton",1148,0.458,"Alexander_North Carolina"
"North Carolina",NC,Alleghany,37005,Democrat,"Bernie Sanders",571,0.448,"Alleghany_North Carolina"
"North Carolina",NC,Anson,37007,Democrat,"Hillary Clinton",2307,0.661,"Anson_North Carolina"
"North Carolina",NC,Ashe,37009,Democrat,"Hillary Clinton",1219,0.464,"Ashe_North Carolina"
"North Carolina",NC,Avery,37011,Democrat,"Bernie Sanders",425,0.539,"Avery_North Carolina"
"North Carolina",NC,Bertie,37015,Democrat,"Hillary Clinton",2065,0.695,"Bertie_North Carolina"
"North Carolina",NC,Bladen,37017,Democrat,"Hillary Clinton",3442,0.596,"Bladen_North Carolina"
"North Carolina",NC,Brunswick,37019,Democrat,"Hillary Clinton",7192,0.601,"Brunswick_North Carolina"
"North Carolina",NC,Buncombe,37021,Democrat,"Bernie Sanders",30913,0.621,"Buncombe_North Carolina"
"North Carolina",NC,Burke,37023,Democrat,"Hillary Clinton",3511,0.461,"Burke_North Carolina"
"North Carolina",NC,Cabarrus,37025,Democrat,"Hillary Clinton",8096,0.517,"Cabarrus_North Carolina"
"North Carolina",NC,Caldwell,37027,Democrat,"Hillary Clinton",2156,0.47,"Caldwell_North Carolina"
"North Carolina",NC,Carteret,37031,Democrat,"Hillary Clinton",2946,0.485,"Carteret_North Carolina"
"North Carolina",NC,Caswell,37033,Democrat,"Hillary Clinton",1701,0.598,"Caswell_North Carolina"
"North Carolina",NC,Catawba,37035,Democrat,"Hillary Clinton",5310,0.512,"Catawba_North Carolina"
"North Carolina",NC,Chowan,37041,Democrat,"Hillary Clinton",974,0.618,"Chowan_North Carolina"
"North Carolina",NC,Columbus,37047,Democrat,"Hillary Clinton",3628,0.563,"Columbus_North Carolina"
"North Carolina",NC,Craven,37049,Democrat,"Hillary Clinton",5187,0.581,"Craven_North Carolina"
"North Carolina",NC,Cumberland,37051,Democrat,"Hillary Clinton",22744,0.639,"Cumberland_North Carolina"
"North Carolina",NC,Dare,37055,Democrat,"Bernie Sanders",2307,0.489,"Dare_North Carolina"
"North Carolina",NC,Davie,37059,Democrat,"Hillary Clinton",1377,0.54,"Davie_North Carolina"
"North Carolina",NC,Duplin,37061,Democrat,"Hillary Clinton",3036,0.612,"Duplin_North Carolina"
"North Carolina",NC,Durham,37063,Democrat,"Hillary Clinton",35845,0.575,"Durham_North Carolina"
"North Carolina",NC,Edgecombe,37065,Democrat,"Hillary Clinton",6411,0.708,"Edgecombe_North Carolina"
"North Carolina",NC,Forsyth,37067,Democrat,"Hillary Clinton",24446,0.58,"Forsyth_North Carolina"
"North Carolina",NC,Gaston,37071,Democrat,"Hillary Clinton",7697,0.541,"Gaston_North Carolina"
"North Carolina",NC,Gates,37073,Democrat,"Hillary Clinton",749,0.617,"Gates_North Carolina"
"North Carolina",NC,Granville,37077,Democrat,"Hillary Clinton",4693,0.588,"Granville_North Carolina"
"North Carolina",NC,Guilford,37081,Democrat,"Hillary Clinton",37880,0.56,"Guilford_North Carolina"
"North Carolina",NC,Halifax,37083,Democrat,"Hillary Clinton",6224,0.667,"Halifax_North Carolina"
"North Carolina",NC,Harnett,37085,Democrat,"Hillary Clinton",4655,0.551,"Harnett_North Carolina"
"North Carolina",NC,Haywood,37087,Democrat,"Bernie Sanders",3873,0.46,"Haywood_North Carolina"
"North Carolina",NC,Henderson,37089,Democrat,"Bernie Sanders",5129,0.501,"Henderson_North Carolina"
"North Carolina",NC,Hertford,37091,Democrat,"Hillary Clinton",2926,0.675,"Hertford_North Carolina"
"North Carolina",NC,Hoke,37093,Democrat,"Hillary Clinton",3528,0.597,"Hoke_North Carolina"
"North Carolina",NC,Hyde,37095,Democrat,"Hillary Clinton",459,0.48,"Hyde_North Carolina"
"North Carolina",NC,Iredell,37097,Democrat,"Hillary Clinton",5888,0.509,"Iredell_North Carolina"
"North Carolina",NC,Johnston,37101,Democrat,"Hillary Clinton",7992,0.521,"Johnston_North Carolina"
"North Carolina",NC,Lenoir,37107,Democrat,"Hillary Clinton",4731,0.641,"Lenoir_North Carolina"
"North Carolina",NC,Lincoln,37109,Democrat,"Hillary Clinton",2812,0.513,"Lincoln_North Carolina"
"North Carolina",NC,McDowell,37111,Democrat,"Bernie Sanders",1622,0.49,"McDowell_North Carolina"
"North Carolina",NC,Mecklenburg,37119,Democrat,"Hillary Clinton",71265,0.603,"Mecklenburg_North Carolina"
"North Carolina",NC,Moore,37125,Democrat,"Hillary Clinton",4679,0.588,"Moore_North Carolina"
"North Carolina",NC,Nash,37127,Democrat,"Hillary Clinton",8554,0.658,"Nash_North Carolina"
"North Carolina",NC,"New Hanover",37129,Democrat,"Bernie Sanders",12276,0.486,"New Hanover_North Carolina"
"North Carolina",NC,Northampton,37131,Democrat,"Hillary Clinton",3195,0.684,"Northampton_North Carolina"
"North Carolina",NC,Onslow,37133,Democrat,"Hillary Clinton",4560,0.542,"Onslow_North Carolina"
"North Carolina",NC,Pamlico,37137,Democrat,"Hillary Clinton",922,0.53,"Pamlico_North Carolina"
"North Carolina",NC,Pasquotank,37139,Democrat,"Hillary Clinton",2471,0.652,"Pasquotank_North Carolina"
"North Carolina",NC,Pender,37141,Democrat,"Hillary Clinton",2880,0.564,"Pender_North Carolina"
"North Carolina",NC,Perquimans,37143,Democrat,"Hillary Clinton",711,0.514,"Perquimans_North Carolina"
"North Carolina",NC,Person,37145,Democrat,"Hillary Clinton",2954,0.51,"Person_North Carolina"
"North Carolina",NC,Pitt,37147,Democrat,"Hillary Clinton",11856,0.57,"Pitt_North Carolina"
"North Carolina",NC,Randolph,37151,Democrat,"Hillary Clinton",2969,0.466,"Randolph_North Carolina"
"North Carolina",NC,Robeson,37155,Democrat,"Hillary Clinton",8457,0.51,"Robeson_North Carolina"
"North Carolina",NC,Rowan,37159,Democrat,"Hillary Clinton",5031,0.527,"Rowan_North Carolina"
"North Carolina",NC,Sampson,37163,Democrat,"Hillary Clinton",3790,0.657,"Sampson_North Carolina"
"North Carolina",NC,Scotland,37165,Democrat,"Hillary Clinton",2671,0.63,"Scotland_North Carolina"
"North Carolina",NC,Stanly,37167,Democrat,"Hillary Clinton",2153,0.491,"Stanly_North Carolina"
"North Carolina",NC,Stokes,37169,Democrat,"Hillary Clinton",1433,0.478,"Stokes_North Carolina"
"North Carolina",NC,Surry,37171,Democrat,"Hillary Clinton",2380,0.475,"Surry_North Carolina"
"North Carolina",NC,Swain,37173,Democrat,"Bernie Sanders",831,0.512,"Swain_North Carolina"
"North Carolina",NC,Transylvania,37175,Democrat,"Bernie Sanders",1954,0.499,"Transylvania_North Carolina"
"North Carolina",NC,Tyrrell,37177,Democrat,"Hillary Clinton",266,0.493,"Tyrrell_North Carolina"
"North Carolina",NC,Union,37179,Democrat,"Hillary Clinton",7630,0.558,"Union_North Carolina"
"North Carolina",NC,Vance,37181,Democrat,"Hillary Clinton",4561,0.64,"Vance_North Carolina"
"North Carolina",NC,Wake,37183,Democrat,"Hillary Clinton",77927,0.534,"Wake_North Carolina"
"North Carolina",NC,Watauga,37189,Democrat,"Bernie Sanders",5811,0.685,"Watauga_North Carolina"
"North Carolina",NC,Wilkes,37193,Democrat,"Hillary Clinton",2107,0.504,"Wilkes_North Carolina"
"North Carolina",NC,Wilson,37195,Democrat,"Hillary Clinton",6408,0.642,"Wilson_North Carolina"
"North Carolina",NC,Yadkin,37197,Democrat,"Hillary Clinton",832,0.48,"Yadkin_North Carolina"
"North Carolina",NC,Yancey,37199,Democrat,"Bernie Sanders",1386,0.495,"Yancey_North Carolina"
Ohio,OH,Allen,39003,Democrat,"Hillary Clinton",3670,0.566,Allen_Ohio
Ohio,OH,Ashland,39005,Democrat,"Bernie Sanders",1465,0.495,Ashland_Ohio
Ohio,OH,Ashtabula,39007,Democrat,"Hillary Clinton",5320,0.549,Ashtabula_Ohio
Ohio,OH,Athens,39009,Democrat,"Bernie Sanders",5663,0.612,Athens_Ohio
Ohio,OH,Auglaize,39011,Democrat,"Hillary Clinton",1031,0.51,Auglaize_Ohio
Ohio,OH,Belmont,39013,Democrat,"Hillary Clinton",3982,0.531,Belmont_Ohio
Ohio,OH,Brown,39015,Democrat,"Hillary Clinton",1562,0.583,Brown_Ohio
Ohio,OH,Butler,39017,Democrat,"Hillary Clinton",12874,0.534,Butler_Ohio
Ohio,OH,Clark,39023,Democrat,"Hillary Clinton",7107,0.587,Clark_Ohio
Ohio,OH,Clermont,39025,Democrat,"Bernie Sanders",5710,0.5,Clermont_Ohio
Ohio,OH,Columbiana,39029,Democrat,"Hillary Clinton",4106,0.526,Columbiana_Ohio
Ohio,OH,Coshocton,39031,Democrat,"Hillary Clinton",1358,0.536,Coshocton_Ohio
Ohio,OH,Cuyahoga,39035,Democrat,"Hillary Clinton",125914,0.632,Cuyahoga_Ohio
Ohio,OH,Darke,39037,Democrat,"Hillary Clinton",1246,0.542,Darke_Ohio
Ohio,OH,Defiance,39039,Democrat,"Hillary Clinton",1507,0.506,Defiance_Ohio
Ohio,OH,Delaware,39041,Democrat,"Hillary Clinton",9552,0.579,Delaware_Ohio
Ohio,OH,Erie,39043,Democrat,"Hillary Clinton",5449,0.553,Erie_Ohio
Ohio,OH,Fairfield,39045,Democrat,"Hillary Clinton",6408,0.553,Fairfield_Ohio
Ohio,OH,Franklin,39049,Democrat,"Hillary Clinton",84654,0.553,Franklin_Ohio
Ohio,OH,Gallia,39053,Democrat,"Bernie Sanders",966,0.488,Gallia_Ohio
Ohio,OH,Geauga,39055,Democrat,"Hillary Clinton",4171,0.54,Geauga_Ohio
Ohio,OH,Guernsey,39059,Democrat,"Hillary Clinton",1440,0.53,Guernsey_Ohio
Ohio,OH,Hamilton,39061,Democrat,"Hillary Clinton",57687,0.595,Hamilton_Ohio
Ohio,OH,Hancock,39063,Democrat,"Bernie Sanders",2490,0.542,Hancock_Ohio
Ohio,OH,Hardin,39065,Democrat,"Hillary Clinton",771,0.526,Hardin_Ohio
Ohio,OH,Highland,39071,Democrat,"Hillary Clinton",1119,0.552,Highland_Ohio
Ohio,OH,Hocking,39073,Democrat,"Hillary Clinton",1204,0.523,Hocking_Ohio
Ohio,OH,Huron,39077,Democrat,"Hillary Clinton",2036,0.509,Huron_Ohio
Ohio,OH,Lawrence,39087,Democrat,"Hillary Clinton",2654,0.554,Lawrence_Ohio
Ohio,OH,Licking,39089,Democrat,"Hillary Clinton",6785,0.533,Licking_Ohio
Ohio,OH,Lorain,39093,Democrat,"Hillary Clinton",21144,0.561,Lorain_Ohio
Ohio,OH,Lucas,39095,Democrat,"Hillary Clinton",32137,0.569,Lucas_Ohio
Ohio,OH,Mahoning,39099,Democrat,"Hillary Clinton",21000,0.593,Mahoning_Ohio
Ohio,OH,Medina,39103,Democrat,"Hillary Clinton",7913,0.531,Medina_Ohio
Ohio,OH,Meigs,39105,Democrat,"Hillary Clinton",800,0.499,Meigs_Ohio
Ohio,OH,Mercer,39107,Democrat,"Hillary Clinton",1037,0.535,Mercer_Ohio
Ohio,OH,Miami,39109,Democrat,"Hillary Clinton",3155,0.532,Miami_Ohio
Ohio,OH,Montgomery,39113,Democrat,"Hillary Clinton",33352,0.594,Montgomery_Ohio
Ohio,OH,Morrow,39117,Democrat,"Hillary Clinton",1164,0.521,Morrow_Ohio
Ohio,OH,Muskingum,39119,Democrat,"Hillary Clinton",3066,0.566,Muskingum_Ohio
Ohio,OH,Pickaway,39129,Democrat,"Hillary Clinton",2097,0.556,Pickaway_Ohio
Ohio,OH,Portage,39133,Democrat,"Bernie Sanders",8877,0.502,Portage_Ohio
Ohio,OH,Preble,39135,Democrat,"Hillary Clinton",1176,0.522,Preble_Ohio
Ohio,OH,Ross,39141,Democrat,"Hillary Clinton",3582,0.572,Ross_Ohio
Ohio,OH,Sandusky,39143,Democrat,"Hillary Clinton",2866,0.534,Sandusky_Ohio
Ohio,OH,Scioto,39145,Democrat,"Hillary Clinton",3499,0.537,Scioto_Ohio
Ohio,OH,Seneca,39147,Democrat,"Hillary Clinton",2081,0.496,Seneca_Ohio
Ohio,OH,Stark,39151,Democrat,"Hillary Clinton",21515,0.565,Stark_Ohio
Ohio,OH,Summit,39153,Democrat,"Hillary Clinton",38874,0.566,Summit_Ohio
Ohio,OH,Trumbull,39155,Democrat,"Hillary Clinton",17903,0.539,Trumbull_Ohio
Ohio,OH,Tuscarawas,39157,Democrat,"Hillary Clinton",4479,0.516,Tuscarawas_Ohio
Ohio,OH,"Van Wert",39161,Democrat,"Hillary Clinton",710,0.519,"Van Wert_Ohio"
Ohio,OH,Vinton,39163,Democrat,"Hillary Clinton",515,0.495,Vinton_Ohio
Ohio,OH,Warren,39165,Democrat,"Hillary Clinton",6970,0.533,Warren_Ohio
Ohio,OH,Williams,39171,Democrat,"Bernie Sanders",1156,0.526,Williams_Ohio
Ohio,OH,Wood,39173,Democrat,"Bernie Sanders",7165,0.537,Wood_Ohio
Ohio,OH,Wyandot,39175,Democrat,"Hillary Clinton",661,0.497,Wyandot_Ohio
Oklahoma,OK,Alfalfa,40003,Democrat,"Bernie Sanders",191,0.581,Alfalfa_Oklahoma
Oklahoma,OK,Atoka,40005,Democrat,"Bernie Sanders",723,0.554,Atoka_Oklahoma
Oklahoma,OK,Beaver,40007,Democrat,"Bernie Sanders",94,0.522,Beaver_Oklahoma
Oklahoma,OK,Beckham,40009,Democrat,"Bernie Sanders",824,0.554,Beckham_Oklahoma
Oklahoma,OK,Bryan,40013,Democrat,"Bernie Sanders",1913,0.568,Bryan_Oklahoma
Oklahoma,OK,Canadian,40017,Democrat,"Bernie Sanders",4922,0.563,Canadian_Oklahoma
Oklahoma,OK,Carter,40019,Democrat,"Bernie Sanders",2113,0.55,Carter_Oklahoma
Oklahoma,OK,Cimarron,40025,Democrat,"Bernie Sanders",68,0.54,Cimarron_Oklahoma
Oklahoma,OK,Cleveland,40027,Democrat,"Bernie Sanders",16428,0.593,Cleveland_Oklahoma
Oklahoma,OK,Coal,40029,Democrat,"Bernie Sanders",456,0.636,Coal_Oklahoma
Oklahoma,OK,Comanche,40031,Democrat,"Bernie Sanders",3804,0.485,Comanche_Oklahoma
Oklahoma,OK,Cotton,40033,Democrat,"Bernie Sanders",388,0.564,Cotton_Oklahoma
Oklahoma,OK,Craig,40035,Democrat,"Bernie Sanders",926,0.545,Craig_Oklahoma
Oklahoma,OK,Creek,40037,Democrat,"Bernie Sanders",2786,0.509,Creek_Oklahoma
Oklahoma,OK,Custer,40039,Democrat,"Bernie Sanders",1273,0.571,Custer_Oklahoma
Oklahoma,OK,Dewey,40043,Democrat,"Bernie Sanders",270,0.554,Dewey_Oklahoma
Oklahoma,OK,Garfield,40047,Democrat,"Bernie Sanders",1771,0.522,Garfield_Oklahoma
Oklahoma,OK,Garvin,40049,Democrat,"Bernie Sanders",1505,0.541,Garvin_Oklahoma
Oklahoma,OK,Grady,40051,Democrat,"Bernie Sanders",2677,0.562,Grady_Oklahoma
Oklahoma,OK,Greer,40055,Democrat,"Bernie Sanders",332,0.558,Greer_Oklahoma
Oklahoma,OK,Harmon,40057,Democrat,"Bernie Sanders",167,0.509,Harmon_Oklahoma
Oklahoma,OK,Harper,40059,Democrat,"Bernie Sanders",151,0.579,Harper_Oklahoma
Oklahoma,OK,Haskell,40061,Democrat,"Bernie Sanders",752,0.519,Haskell_Oklahoma
Oklahoma,OK,Hughes,40063,Democrat,"Bernie Sanders",873,0.537,Hughes_Oklahoma
Oklahoma,OK,Kay,40071,Democrat,"Bernie Sanders",1791,0.535,Kay_Oklahoma
Oklahoma,OK,Kingfisher,40073,Democrat,"Bernie Sanders",472,0.585,Kingfisher_Oklahoma
Oklahoma,OK,Kiowa,40075,Democrat,"Bernie Sanders",514,0.54,Kiowa_Oklahoma
Oklahoma,OK,Latimer,40077,Democrat,"Bernie Sanders",852,0.533,Latimer_Oklahoma
Oklahoma,OK,Logan,40083,Democrat,"Bernie Sanders",1645,0.527,Logan_Oklahoma
Oklahoma,OK,Love,40085,Democrat,"Bernie Sanders",502,0.511,Love_Oklahoma
Oklahoma,OK,Major,40093,Democrat,"Bernie Sanders",215,0.532,Major_Oklahoma
Oklahoma,OK,Mayes,40097,Democrat,"Bernie Sanders",2144,0.517,Mayes_Oklahoma
Oklahoma,OK,McClain,40087,Democrat,"Bernie Sanders",1865,0.571,McClain_Oklahoma
Oklahoma,OK,McCurtain,40089,Democrat,"Bernie Sanders",1314,0.523,McCurtain_Oklahoma
Oklahoma,OK,McIntosh,40091,Democrat,"Bernie Sanders",1261,0.496,McIntosh_Oklahoma
Oklahoma,OK,Murray,40099,Democrat,"Bernie Sanders",909,0.546,Murray_Oklahoma
Oklahoma,OK,Muskogee,40101,Democrat,"Bernie Sanders",3515,0.466,Muskogee_Oklahoma
Oklahoma,OK,Noble,40103,Democrat,"Bernie Sanders",562,0.548,Noble_Oklahoma
Oklahoma,OK,Nowata,40105,Democrat,"Bernie Sanders",530,0.499,Nowata_Oklahoma
Oklahoma,OK,Okfuskee,40107,Democrat,"Bernie Sanders",596,0.523,Okfuskee_Oklahoma
Oklahoma,OK,Oklahoma,40109,Democrat,"Hillary Clinton",34255,0.501,Oklahoma_Oklahoma
Oklahoma,OK,Okmulgee,40111,Democrat,"Bernie Sanders",1882,0.461,Okmulgee_Oklahoma
Oklahoma,OK,Osage,40113,Democrat,"Hillary Clinton",2390,0.475,Osage_Oklahoma
Oklahoma,OK,Pawnee,40117,Democrat,"Bernie Sanders",762,0.511,Pawnee_Oklahoma
Oklahoma,OK,Payne,40119,Democrat,"Bernie Sanders",3829,0.567,Payne_Oklahoma
Oklahoma,OK,Pittsburg,40121,Democrat,"Bernie Sanders",3026,0.558,Pittsburg_Oklahoma
Oklahoma,OK,Pontotoc,40123,Democrat,"Bernie Sanders",2392,0.598,Pontotoc_Oklahoma
Oklahoma,OK,Pottawatomie,40125,Democrat,"Bernie Sanders",3400,0.555,Pottawatomie_Oklahoma
Oklahoma,OK,Pushmataha,40127,Democrat,"Bernie Sanders",667,0.561,Pushmataha_Oklahoma
Oklahoma,OK,"Roger Mills",40129,Democrat,"Bernie Sanders",268,0.58,"Roger Mills_Oklahoma"
Oklahoma,OK,Rogers,40131,Democrat,"Bernie Sanders",3757,0.529,Rogers_Oklahoma
Oklahoma,OK,Sequoyah,40135,Democrat,"Bernie Sanders",1872,0.496,Sequoyah_Oklahoma
Oklahoma,OK,Stephens,40137,Democrat,"Bernie Sanders",2108,0.561,Stephens_Oklahoma
Oklahoma,OK,Tillman,40141,Democrat,"Bernie Sanders",346,0.537,Tillman_Oklahoma
Oklahoma,OK,Tulsa,40143,Democrat,"Bernie Sanders",26525,0.496,Tulsa_Oklahoma
Oklahoma,OK,Wagoner,40145,Democrat,"Bernie Sanders",2813,0.491,Wagoner_Oklahoma
Oklahoma,OK,Washita,40149,Democrat,"Bernie Sanders",700,0.601,Washita_Oklahoma
Oklahoma,OK,Woods,40151,Democrat,"Bernie Sanders",363,0.565,Woods_Oklahoma
Oklahoma,OK,Woodward,40153,Democrat,"Bernie Sanders",694,0.624,Woodward_Oklahoma
"South Carolina",SC,Abbeville,45001,Democrat,"Hillary Clinton",1501,0.818,"Abbeville_South Carolina"
"South Carolina",SC,Aiken,45003,Democrat,"Hillary Clinton",6888,0.702,"Aiken_South Carolina"
"South Carolina",SC,Allendale,45005,Democrat,"Hillary Clinton",1022,0.908,"Allendale_South Carolina"
"South Carolina",SC,Anderson,45007,Democrat,"Hillary Clinton",5550,0.669,"Anderson_South Carolina"
"South Carolina",SC,Bamberg,45009,Democrat,"Hillary Clinton",1715,0.883,"Bamberg_South Carolina"
"South Carolina",SC,Barnwell,45011,Democrat,"Hillary Clinton",1560,0.874,"Barnwell_South Carolina"
"South Carolina",SC,Beaufort,45013,Democrat,"Hillary Clinton",9945,0.733,"Beaufort_South Carolina"
"South Carolina",SC,Berkeley,45015,Democrat,"Hillary Clinton",9471,0.72,"Berkeley_South Carolina"
"South Carolina",SC,Charleston,45019,Democrat,"Hillary Clinton",26535,0.66,"Charleston_South Carolina"
"South Carolina",SC,Chester,45023,Democrat,"Hillary Clinton",1962,0.796,"Chester_South Carolina"
"South Carolina",SC,Clarendon,45027,Democrat,"Hillary Clinton",3564,0.908,"Clarendon_South Carolina"
"South Carolina",SC,Colleton,45029,Democrat,"Hillary Clinton",2932,0.825,"Colleton_South Carolina"
"South Carolina",SC,Darlington,45031,Democrat,"Hillary Clinton",4988,0.819,"Darlington_South Carolina"
"South Carolina",SC,Dillon,45033,Democrat,"Hillary Clinton",1615,0.841,"Dillon_South Carolina"
"South Carolina",SC,Dorchester,45035,Democrat,"Hillary Clinton",6920,0.702,"Dorchester_South Carolina"
"South Carolina",SC,Edgefield,45037,Democrat,"Hillary Clinton",1474,0.818,"Edgefield_South Carolina"
"South Carolina",SC,Florence,45041,Democrat,"Hillary Clinton",9411,0.78,"Florence_South Carolina"
"South Carolina",SC,Georgetown,45043,Democrat,"Hillary Clinton",4931,0.778,"Georgetown_South Carolina"
"South Carolina",SC,Greenville,45045,Democrat,"Hillary Clinton",19807,0.641,"Greenville_South Carolina"
"South Carolina",SC,Greenwood,45047,Democrat,"Hillary Clinton",3588,0.774,"Greenwood_South Carolina"
"South Carolina",SC,Horry,45051,Democrat,"Hillary Clinton",11294,0.672,"Horry_South Carolina"
"South Carolina",SC,Kershaw,45055,Democrat,"Hillary Clinton",3743,0.771,"Kershaw_South Carolina"
"South Carolina",SC,Laurens,45059,Democrat,"Hillary Clinton",2952,0.784,"Laurens_South Carolina"
"South Carolina",SC,Lexington,45063,Democrat,"Hillary Clinton",8810,0.609,"Lexington_South Carolina"
"South Carolina",SC,Marlboro,45069,Democrat,"Hillary Clinton",2132,0.89,"Marlboro_South Carolina"
"South Carolina",SC,McCormick,45065,Democrat,"Hillary Clinton",973,0.851,"McCormick_South Carolina"
"South Carolina",SC,Newberry,45071,Democrat,"Hillary Clinton",2118,0.81,"Newberry_South Carolina"
"South Carolina",SC,Oconee,45073,Democrat,"Hillary Clinton",1960,0.596,"Oconee_South Carolina"
"South Carolina",SC,Orangeburg,45075,Democrat,"Hillary Clinton",11819,0.887,"Orangeburg_South Carolina"
"South Carolina",SC,Pickens,45077,Democrat,"Hillary Clinton",2499,0.555,"Pickens_South Carolina"
"South Carolina",SC,Richland,45079,Democrat,"Hillary Clinton",39243,0.758,"Richland_South Carolina"
"South Carolina",SC,Saluda,45081,Democrat,"Hillary Clinton",1023,0.837,"Saluda_South Carolina"
"South Carolina",SC,Spartanburg,45083,Democrat,"Hillary Clinton",10662,0.703,"Spartanburg_South Carolina"
"South Carolina",SC,Sumter,45085,Democrat,"Hillary Clinton",9816,0.866,"Sumter_South Carolina"
"South Carolina",SC,Williamsburg,45089,Democrat,"Hillary Clinton",4609,0.885,"Williamsburg_South Carolina"
"South Carolina",SC,York,45091,Democrat,"Hillary Clinton",8895,0.635,"York_South Carolina"
Tennessee,TN,Bledsoe,47007,Democrat,"Hillary Clinton",398,0.607,Bledsoe_Tennessee
Tennessee,TN,Blount,47009,Democrat,"Hillary Clinton",2736,0.531,Blount_Tennessee
Tennessee,TN,Bradley,47011,Democrat,"Hillary Clinton",1644,0.552,Bradley_Tennessee
Tennessee,TN,Cannon,47015,Democrat,"Hillary Clinton",439,0.645,Cannon_Tennessee
Tennessee,TN,Cheatham,47021,Democrat,"Hillary Clinton",1065,0.562,Cheatham_Tennessee
Tennessee,TN,Cocke,47029,Democrat,"Hillary Clinton",463,0.556,Cocke_Tennessee
Tennessee,TN,Coffee,47031,Democrat,"Hillary Clinton",1503,0.625,Coffee_Tennessee
Tennessee,TN,Crockett,47033,Democrat,"Hillary Clinton",424,0.785,Crockett_Tennessee
Tennessee,TN,Davidson,47037,Democrat,"Hillary Clinton",43691,0.653,Davidson_Tennessee
Tennessee,TN,Dickson,47043,Democrat,"Hillary Clinton",1497,0.671,Dickson_Tennessee
Tennessee,TN,Dyer,47045,Democrat,"Hillary Clinton",822,0.715,Dyer_Tennessee
Tennessee,TN,Fentress,47049,Democrat,"Hillary Clinton",352,0.632,Fentress_Tennessee
Tennessee,TN,Gibson,47053,Democrat,"Hillary Clinton",1549,0.768,Gibson_Tennessee
Tennessee,TN,Giles,47055,Democrat,"Hillary Clinton",915,0.732,Giles_Tennessee
Tennessee,TN,Grainger,47057,Democrat,"Hillary Clinton",283,0.611,Grainger_Tennessee
Tennessee,TN,Hamblen,47063,Democrat,"Hillary Clinton",951,0.565,Hamblen_Tennessee
Tennessee,TN,Hardeman,47069,Democrat,"Hillary Clinton",1721,0.877,Hardeman_Tennessee
Tennessee,TN,Hawkins,47073,Democrat,"Hillary Clinton",906,0.587,Hawkins_Tennessee
Tennessee,TN,Hickman,47081,Democrat,"Hillary Clinton",543,0.609,Hickman_Tennessee
Tennessee,TN,Knox,47093,Democrat,"Hillary Clinton",13137,0.51,Knox_Tennessee
Tennessee,TN,Loudon,47105,Democrat,"Hillary Clinton",1026,0.605,Loudon_Tennessee
Tennessee,TN,Maury,47119,Democrat,"Hillary Clinton",2366,0.636,Maury_Tennessee
Tennessee,TN,McMinn,47107,Democrat,"Hillary Clinton",1027,0.608,McMinn_Tennessee
Tennessee,TN,McNairy,47109,Democrat,"Hillary Clinton",719,0.745,McNairy_Tennessee
Tennessee,TN,Obion,47131,Democrat,"Hillary Clinton",760,0.653,Obion_Tennessee
Tennessee,TN,Overton,47133,Democrat,"Hillary Clinton",885,0.591,Overton_Tennessee
Tennessee,TN,Pickett,47137,Democrat,"Hillary Clinton",214,0.756,Pickett_Tennessee
Tennessee,TN,Rhea,47143,Democrat,"Hillary Clinton",503,0.576,Rhea_Tennessee
Tennessee,TN,Roane,47145,Democrat,"Hillary Clinton",1454,0.601,Roane_Tennessee
Tennessee,TN,Robertson,47147,Democrat,"Hillary Clinton",1918,0.685,Robertson_Tennessee
Tennessee,TN,Rutherford,47149,Democrat,"Hillary Clinton",8243,0.572,Rutherford_Tennessee
Tennessee,TN,Sequatchie,47153,Democrat,"Hillary Clinton",273,0.561,Sequatchie_Tennessee
Tennessee,TN,Sevier,47155,Democrat,"Hillary Clinton",1259,0.494,Sevier_Tennessee
Tennessee,TN,Shelby,47157,Democrat,"Hillary Clinton",66465,0.801,Shelby_Tennessee
Tennessee,TN,Stewart,47161,Democrat,"Hillary Clinton",527,0.66,Stewart_Tennessee
Tennessee,TN,Sumner,47165,Democrat,"Hillary Clinton",4225,0.643,Sumner_Tennessee
Tennessee,TN,Tipton,47167,Democrat,"Hillary Clinton",1454,0.711,Tipton_Tennessee
Tennessee,TN,Trousdale,47169,Democrat,"Hillary Clinton",321,0.725,Trousdale_Tennessee
Tennessee,TN,Unicoi,47171,Democrat,"Bernie Sanders",272,0.513,Unicoi_Tennessee
Tennessee,TN,Weakley,47183,Democrat,"Hillary Clinton",860,0.632,Weakley_Tennessee
Texas,TX,Andrews,48003,Democrat,"Hillary Clinton",76,0.661,Andrews_Texas
Texas,TX,Angelina,48005,Democrat,"Hillary Clinton",1950,0.737,Angelina_Texas
Texas,TX,Aransas,48007,Democrat,"Hillary Clinton",488,0.63,Aransas_Texas
Texas,TX,Archer,48009,Democrat,"Hillary Clinton",99,0.589,Archer_Texas
Texas,TX,Armstrong,48011,Democrat,"Bernie Sanders",4,0.8,Armstrong_Texas
Texas,TX,Atascosa,48013,Democrat,"Hillary Clinton",1355,0.717,Atascosa_Texas
Texas,TX,Austin,48015,Democrat,"Hillary Clinton",492,0.734,Austin_Texas
Texas,TX,Bailey,48017,Democrat,"Hillary Clinton",84,0.712,Bailey_Texas
Texas,TX,Bandera,48019,Democrat,"Hillary Clinton",378,0.555,Bandera_Texas
Texas,TX,Bastrop,48021,Democrat,"Hillary Clinton",2894,0.591,Bastrop_Texas
Texas,TX,Baylor,48023,Democrat,"Hillary Clinton",46,0.613,Baylor_Texas
Texas,TX,Bee,48025,Democrat,"Hillary Clinton",1132,0.751,Bee_Texas
Texas,TX,Bell,48027,Democrat,"Hillary Clinton",7416,0.699,Bell_Texas
Texas,TX,Bexar,48029,Democrat,"Hillary Clinton",76502,0.668,Bexar_Texas
Texas,TX,Blanco,48031,Democrat,"Hillary Clinton",229,0.547,Blanco_Texas
Texas,TX,Borden,48033,Democrat,"Hillary Clinton",4,0.8,Borden_Texas
Texas,TX,Bosque,48035,Democrat,"Hillary Clinton",353,0.626,Bosque_Texas
Texas,TX,Bowie,48037,Democrat,"Hillary Clinton",2436,0.761,Bowie_Texas
Texas,TX,Brazoria,48039,Democrat,"Hillary Clinton",8996,0.696,Brazoria_Texas
Texas,TX,Brazos,48041,Democrat,"Bernie Sanders",3580,0.494,Brazos_Texas
Texas,TX,Brewster,48043,Democrat,"Bernie Sanders",771,0.481,Brewster_Texas
Texas,TX,Briscoe,48045,Democrat,"Hillary Clinton",16,0.571,Briscoe_Texas
Texas,TX,Brooks,48047,Democrat,"Hillary Clinton",1603,0.744,Brooks_Texas
Texas,TX,Burleson,48051,Democrat,"Hillary Clinton",469,0.74,Burleson_Texas
Texas,TX,Burnet,48053,Democrat,"Hillary Clinton",871,0.594,Burnet_Texas
Texas,TX,Callahan,48059,Democrat,"Bernie Sanders",104,0.533,Callahan_Texas
Texas,TX,Cameron,48061,Democrat,"Hillary Clinton",20326,0.682,Cameron_Texas
Texas,TX,Camp,48063,Democrat,"Hillary Clinton",484,0.766,Camp_Texas
Texas,TX,Carson,48065,Democrat,"Hillary Clinton",50,0.625,Carson_Texas
Texas,TX,Castro,48069,Democrat,"Hillary Clinton",127,0.738,Castro_Texas
Texas,TX,Childress,48075,Democrat,"Hillary Clinton",54,0.587,Childress_Texas
Texas,TX,Cochran,48079,Democrat,"Hillary Clinton",4,0.5,Cochran_Texas
Texas,TX,Coke,48081,Democrat,"Hillary Clinton",25,0.481,Coke_Texas
Texas,TX,Coleman,48083,Democrat,"Hillary Clinton",75,0.6,Coleman_Texas
Texas,TX,Collin,48085,Democrat,"Hillary Clinton",23591,0.592,Collin_Texas
Texas,TX,Collingsworth,48087,Democrat,"Hillary Clinton",36,0.59,Collingsworth_Texas
Texas,TX,Colorado,48089,Democrat,"Hillary Clinton",474,0.748,Colorado_Texas
Texas,TX,Comal,48091,Democrat,"Hillary Clinton",3109,0.6,Comal_Texas
Texas,TX,Concho,48095,Democrat,"Hillary Clinton",27,0.692,Concho_Texas
Texas,TX,Cooke,48097,Democrat,"Hillary Clinton",449,0.564,Cooke_Texas
Texas,TX,Coryell,48099,Democrat,"Hillary Clinton",1010,0.627,Coryell_Texas
Texas,TX,Cottle,48101,Democrat,"Hillary Clinton",26,0.565,Cottle_Texas
Texas,TX,Crane,48103,Democrat,"Hillary Clinton",62,0.66,Crane_Texas
Texas,TX,Crosby,48107,Democrat,"Hillary Clinton",131,0.582,Crosby_Texas
Texas,TX,Culberson,48109,Democrat,"Hillary Clinton",355,0.62,Culberson_Texas
Texas,TX,Dallam,48111,Democrat,"Hillary Clinton",24,0.615,Dallam_Texas
Texas,TX,Dallas,48113,Democrat,"Hillary Clinton",113574,0.715,Dallas_Texas
Texas,TX,"De Witt",48123,Democrat,"Hillary Clinton",293,0.703,"De Witt_Texas"
Texas,TX,"Deaf Smith",48117,Democrat,"Hillary Clinton",200,0.678,"Deaf Smith_Texas"
Texas,TX,Denton,48121,Democrat,"Hillary Clinton",16470,0.508,Denton_Texas
Texas,TX,Dickens,48125,Democrat,"Hillary Clinton",13,0.52,Dickens_Texas
Texas,TX,Dimmit,48127,Democrat,"Hillary Clinton",1804,0.689,Dimmit_Texas
Texas,TX,Donley,48129,Democrat,"Bernie Sanders",35,0.507,Donley_Texas
Texas,TX,Eastland,48133,Democrat,"Hillary Clinton",171,0.557,Eastland_Texas
Texas,TX,Ector,48135,Democrat,"Hillary Clinton",1852,0.649,Ector_Texas
Texas,TX,"El Paso",48141,Democrat,"Hillary Clinton",36067,0.66,"El Paso_Texas"
Texas,TX,Ellis,48139,Democrat,"Hillary Clinton",3719,0.695,Ellis_Texas
Texas,TX,Erath,48143,Democrat,"Hillary Clinton",427,0.525,Erath_Texas
Texas,TX,Falls,48145,Democrat,"Hillary Clinton",551,0.814,Falls_Texas
Texas,TX,Fisher,48151,Democrat,"Hillary Clinton",226,0.533,Fisher_Texas
Texas,TX,Foard,48155,Democrat,"Bernie Sanders",112,0.481,Foard_Texas
Texas,TX,"Fort Bend",48157,Democrat,"Hillary Clinton",29248,0.746,"Fort Bend_Texas"
Texas,TX,Freestone,48161,Democrat,"Hillary Clinton",380,0.768,Freestone_Texas
Texas,TX,Frio,48163,Democrat,"Hillary Clinton",1864,0.677,Frio_Texas
Texas,TX,Gaines,48165,Democrat,"Hillary Clinton",91,0.558,Gaines_Texas
Texas,TX,Garza,48169,Democrat,"Hillary Clinton",35,0.565,Garza_Texas
Texas,TX,Gillespie,48171,Democrat,"Hillary Clinton",813,0.719,Gillespie_Texas
Texas,TX,Glasscock,48173,Democrat,"Hillary Clinton",4,0.5,Glasscock_Texas
Texas,TX,Goliad,48175,Democrat,"Hillary Clinton",389,0.664,Goliad_Texas
Texas,TX,Gonzales,48177,Democrat,"Hillary Clinton",368,0.723,Gonzales_Texas
Texas,TX,Gray,48179,Democrat,"Hillary Clinton",111,0.539,Gray_Texas
Texas,TX,Grayson,48181,Democrat,"Hillary Clinton",1940,0.528,Grayson_Texas
Texas,TX,Gregg,48183,Democrat,"Hillary Clinton",3411,0.781,Gregg_Texas
Texas,TX,Grimes,48185,Democrat,"Hillary Clinton",583,0.731,Grimes_Texas
Texas,TX,Guadalupe,48187,Democrat,"Hillary Clinton",3787,0.64,Guadalupe_Texas
Texas,TX,Hansford,48195,Democrat,"Hillary Clinton",21,0.583,Hansford_Texas
Texas,TX,Harris,48201,Democrat,"Hillary Clinton",156729,0.705,Harris_Texas
Texas,TX,Hartley,48205,Democrat,"Hillary Clinton",29,0.558,Hartley_Texas
Texas,TX,Hays,48209,Democrat,"Bernie Sanders",7311,0.518,Hays_Texas
Texas,TX,Hemphill,48211,Democrat,"Hillary Clinton",15,0.652,Hemphill_Texas
Texas,TX,Hidalgo,48215,Democrat,"Hillary Clinton",40276,0.691,Hidalgo_Texas
Texas,TX,Hill,48217,Democrat,"Hillary Clinton",718,0.691,Hill_Texas
Texas,TX,Hockley,48219,Democrat,"Hillary Clinton",183,0.583,Hockley_Texas
Texas,TX,Hood,48221,Democrat,"Hillary Clinton",928,0.626,Hood_Texas
Texas,TX,Hopkins,48223,Democrat,"Hillary Clinton",628,0.668,Hopkins_Texas
Texas,TX,Hudspeth,48229,Democrat,"Hillary Clinton",147,0.538,Hudspeth_Texas
Texas,TX,Hunt,48231,Democrat,"Hillary Clinton",1328,0.605,Hunt_Texas
Texas,TX,Hutchinson,48233,Democrat,"Hillary Clinton",153,0.565,Hutchinson_Texas
Texas,TX,Irion,48235,Democrat,"Hillary Clinton",28,0.651,Irion_Texas
Texas,TX,Jack,48237,Democrat,"Hillary Clinton",87,0.621,Jack_Texas
Texas,TX,"Jim Hogg",48247,Democrat,"Hillary Clinton",1421,0.75,"Jim Hogg_Texas"
Texas,TX,"Jim Wells",48249,Democrat,"Hillary Clinton",4688,0.716,"Jim Wells_Texas"
Texas,TX,Karnes,48255,Democrat,"Hillary Clinton",719,0.528,Karnes_Texas
Texas,TX,Kaufman,48257,Democrat,"Hillary Clinton",2229,0.697,Kaufman_Texas
Texas,TX,Kenedy,48261,Democrat,"Hillary Clinton",63,0.594,Kenedy_Texas
Texas,TX,Kerr,48265,Democrat,"Hillary Clinton",1016,0.584,Kerr_Texas
Texas,TX,Kimble,48267,Democrat,"Bernie Sanders",34,0.523,Kimble_Texas
Texas,TX,King,48269,Democrat,"Hillary Clinton",2,0.667,King_Texas
Texas,TX,Kinney,48271,Democrat,"Hillary Clinton",211,0.608,Kinney_Texas
Texas,TX,Kleberg,48273,Democrat,"Hillary Clinton",1738,0.707,Kleberg_Texas
Texas,TX,"La Salle",48283,Democrat,"Hillary Clinton",557,0.701,"La Salle_Texas"
Texas,TX,Lamb,48279,Democrat,"Hillary Clinton",172,0.533,Lamb_Texas
Texas,TX,Lampasas,48281,Democrat,"Hillary Clinton",324,0.6,Lampasas_Texas
Texas,TX,Lipscomb,48295,Democrat,"Hillary Clinton",22,0.647,Lipscomb_Texas
Texas,TX,"Live Oak",48297,Democrat,"Hillary Clinton",203,0.677,"Live Oak_Texas"
Texas,TX,Llano,48299,Democrat,"Hillary Clinton",512,0.645,Llano_Texas
Texas,TX,Loving,48301,Democrat,"Bernie Sanders",5,0.417,Loving_Texas
Texas,TX,Lubbock,48303,Democrat,"Hillary Clinton",5767,0.574,Lubbock_Texas
Texas,TX,Lynn,48305,Democrat,"Hillary Clinton",14,0.583,Lynn_Texas
Texas,TX,Matagorda,48321,Democrat,"Hillary Clinton",1088,0.742,Matagorda_Texas
Texas,TX,Maverick,48323,Democrat,"Hillary Clinton",4342,0.695,Maverick_Texas
Texas,TX,McCulloch,48307,Democrat,"Hillary Clinton",93,0.664,McCulloch_Texas
Texas,TX,McLennan,48309,Democrat,"Hillary Clinton",5531,0.67,McLennan_Texas
Texas,TX,McMullen,48311,Democrat,"Hillary Clinton",4,0.8,McMullen_Texas
Texas,TX,Milam,48331,Democrat,"Hillary Clinton",577,0.678,Milam_Texas
Texas,TX,Montague,48337,Democrat,"Hillary Clinton",153,0.543,Montague_Texas
Texas,TX,Morris,48343,Democrat,"Hillary Clinton",461,0.733,Morris_Texas
Texas,TX,Motley,48345,Democrat,"Hillary Clinton",13,0.684,Motley_Texas
Texas,TX,Nacogdoches,48347,Democrat,"Hillary Clinton",1597,0.652,Nacogdoches_Texas
Texas,TX,Navarro,48349,Democrat,"Hillary Clinton",955,0.725,Navarro_Texas
Texas,TX,Nolan,48353,Democrat,"Hillary Clinton",270,0.655,Nolan_Texas
Texas,TX,Nueces,48355,Democrat,"Hillary Clinton",15662,0.705,Nueces_Texas
Texas,TX,Ochiltree,48357,Democrat,"Hillary Clinton",35,0.53,Ochiltree_Texas
Texas,TX,Oldham,48359,Democrat,"Hillary Clinton",11,0.688,Oldham_Texas
Texas,TX,"Palo Pinto",48363,Democrat,"Hillary Clinton",361,0.595,"Palo Pinto_Texas"
Texas,TX,Parker,48367,Democrat,"Hillary Clinton",1800,0.545,Parker_Texas
Texas,TX,Parmer,48369,Democrat,"Hillary Clinton",82,0.726,Parmer_Texas
Texas,TX,Pecos,48371,Democrat,"Hillary Clinton",816,0.554,Pecos_Texas
Texas,TX,Potter,48375,Democrat,"Hillary Clinton",1490,0.566,Potter_Texas
Texas,TX,Presidio,48377,Democrat,"Hillary Clinton",776,0.574,Presidio_Texas
Texas,TX,Rains,48379,Democrat,"Hillary Clinton",173,0.643,Rains_Texas
Texas,TX,Randall,48381,Democrat,"Hillary Clinton",1586,0.511,Randall_Texas
Texas,TX,Reagan,48383,Democrat,"Hillary Clinton",12,0.632,Reagan_Texas
Texas,TX,Real,48385,Democrat,"Hillary Clinton",28,0.538,Real_Texas
Texas,TX,Reeves,48389,Democrat,"Hillary Clinton",1128,0.596,Reeves_Texas
Texas,TX,Refugio,48391,Democrat,"Hillary Clinton",549,0.642,Refugio_Texas
Texas,TX,Roberts,48393,Democrat,"Hillary Clinton",3,0.6,Roberts_Texas
Texas,TX,Rockwall,48397,Democrat,"Hillary Clinton",1722,0.596,Rockwall_Texas
Texas,TX,Runnels,48399,Democrat,"Hillary Clinton",80,0.576,Runnels_Texas
Texas,TX,Rusk,48401,Democrat,"Hillary Clinton",1114,0.781,Rusk_Texas
Texas,TX,"San Augustine",48405,Democrat,"Hillary Clinton",366,0.83,"San Augustine_Texas"
Texas,TX,"San Jacinto",48407,Democrat,"Hillary Clinton",561,0.72,"San Jacinto_Texas"
Texas,TX,"San Patricio",48409,Democrat,"Hillary Clinton",2633,0.732,"San Patricio_Texas"
Texas,TX,"San Saba",48411,Democrat,"Hillary Clinton",58,0.674,"San Saba_Texas"
Texas,TX,Schleicher,48413,Democrat,"Hillary Clinton",58,0.644,Schleicher_Texas
Texas,TX,Scurry,48415,Democrat,"Hillary Clinton",154,0.616,Scurry_Texas
Texas,TX,Shackelford,48417,Democrat,"Hillary Clinton",15,0.5,Shackelford_Texas
Texas,TX,Smith,48423,Democrat,"Hillary Clinton",5752,0.736,Smith_Texas
Texas,TX,Somervell,48425,Democrat,"Hillary Clinton",66,0.508,Somervell_Texas
Texas,TX,Starr,48427,Democrat,"Hillary Clinton",6918,0.778,Starr_Texas
Texas,TX,Sterling,48431,Democrat,"Hillary Clinton",5,0.5,Sterling_Texas
Texas,TX,Stonewall,48433,Democrat,"Hillary Clinton",59,0.578,Stonewall_Texas
Texas,TX,Sutton,48435,Democrat,"Hillary Clinton",27,0.692,Sutton_Texas
Texas,TX,Swisher,48437,Democrat,"Hillary Clinton",141,0.605,Swisher_Texas
Texas,TX,Tarrant,48439,Democrat,"Hillary Clinton",67590,0.651,Tarrant_Texas
Texas,TX,Taylor,48441,Democrat,"Hillary Clinton",1789,0.546,Taylor_Texas
Texas,TX,Terry,48445,Democrat,"Hillary Clinton",141,0.59,Terry_Texas
Texas,TX,Throckmorton,48447,Democrat,"Hillary Clinton",26,0.619,Throckmorton_Texas
Texas,TX,Titus,48449,Democrat,"Hillary Clinton",475,0.701,Titus_Texas
Texas,TX,"Tom Green",48451,Democrat,"Hillary Clinton",1650,0.559,"Tom Green_Texas"
Texas,TX,Travis,48453,Democrat,"Bernie Sanders",73889,0.514,Travis_Texas
Texas,TX,Trinity,48455,Democrat,"Hillary Clinton",333,0.718,Trinity_Texas
Texas,TX,Tyler,48457,Democrat,"Hillary Clinton",453,0.743,Tyler_Texas
Texas,TX,Upshur,48459,Democrat,"Hillary Clinton",725,0.717,Upshur_Texas
Texas,TX,Upton,48461,Democrat,"Hillary Clinton",91,0.558,Upton_Texas
Texas,TX,Uvalde,48463,Democrat,"Hillary Clinton",1740,0.633,Uvalde_Texas
Texas,TX,"Val Verde",48465,Democrat,"Hillary Clinton",1777,0.657,"Val Verde_Texas"
Texas,TX,"Van Zandt",48467,Democrat,"Hillary Clinton",722,0.641,"Van Zandt_Texas"
Texas,TX,Victoria,48469,Democrat,"Hillary Clinton",2205,0.645,Victoria_Texas
Texas,TX,Waller,48473,Democrat,"Hillary Clinton",1221,0.675,Waller_Texas
Texas,TX,Ward,48475,Democrat,"Hillary Clinton",306,0.622,Ward_Texas
Texas,TX,Webb,48479,Democrat,"Hillary Clinton",18559,0.719,Webb_Texas
Texas,TX,Wharton,48481,Democrat,"Hillary Clinton",960,0.786,Wharton_Texas
Texas,TX,Wichita,48485,Democrat,"Hillary Clinton",1958,0.552,Wichita_Texas
Texas,TX,Wilbarger,48487,Democrat,"Hillary Clinton",136,0.615,Wilbarger_Texas
Texas,TX,Willacy,48489,Democrat,"Hillary Clinton",2072,0.701,Willacy_Texas
Texas,TX,Williamson,48491,Democrat,"Hillary Clinton",16374,0.527,Williamson_Texas
Texas,TX,Winkler,48495,Democrat,"Hillary Clinton",30,0.698,Winkler_Texas
Texas,TX,Wise,48497,Democrat,"Hillary Clinton",750,0.562,Wise_Texas
Texas,TX,Yoakum,48501,Democrat,"Bernie Sanders",10,0.476,Yoakum_Texas
Texas,TX,Young,48503,Democrat,"Hillary Clinton",198,0.586,Young_Texas
Texas,TX,Zapata,48505,Democrat,"Hillary Clinton",1969,0.678,Zapata_Texas
Texas,TX,Zavala,48507,Democrat,"Hillary Clinton",1557,0.755,Zavala_Texas
Utah,UT,"Box Elder",49003,Democrat,"Bernie Sanders",281,0.755,"Box Elder_Utah"
Utah,UT,Cache,49005,Democrat,"Bernie Sanders",2906,0.815,Cache_Utah
Utah,UT,Carbon,49007,Democrat,"Bernie Sanders",235,0.615,Carbon_Utah
Utah,UT,Daggett,49009,Democrat,"Bernie Sanders",13,0.867,Daggett_Utah
Utah,UT,Davis,49011,Democrat,"Bernie Sanders",3563,0.824,Davis_Utah
Utah,UT,Duchesne,49013,Democrat,"Bernie Sanders",87,0.69,Duchesne_Utah
Utah,UT,Emery,49015,Democrat,"Bernie Sanders",66,0.653,Emery_Utah
Utah,UT,Grand,49019,Democrat,"Bernie Sanders",636,0.796,Grand_Utah
Utah,UT,Iron,49021,Democrat,"Bernie Sanders",639,0.815,Iron_Utah
Utah,UT,Juab,49023,Democrat,"Bernie Sanders",55,0.775,Juab_Utah
Utah,UT,Millard,49027,Democrat,"Bernie Sanders",11,0.44,Millard_Utah
Utah,UT,Piute,49031,Democrat,"Hillary Clinton",0,0,Piute_Utah
Utah,UT,Rich,49033,Democrat,"Hillary Clinton",0,0,Rich_Utah
Utah,UT,"Salt Lake",49035,Democrat,"Bernie Sanders",35610,0.788,"Salt Lake_Utah"
Utah,UT,"San Juan",49037,Democrat,"Bernie Sanders",81,0.648,"San Juan_Utah"
Utah,UT,Sanpete,49039,Democrat,"Bernie Sanders",264,0.849,Sanpete_Utah
Utah,UT,Tooele,49045,Democrat,"Bernie Sanders",986,0.8,Tooele_Utah
Utah,UT,Uintah,49047,Democrat,"Bernie Sanders",135,0.763,Uintah_Utah
Utah,UT,Utah,49049,Democrat,"Bernie Sanders",6071,0.853,Utah_Utah
Utah,UT,Wasatch,49051,Democrat,"Bernie Sanders",557,0.764,Wasatch_Utah
Utah,UT,Weber,49057,Democrat,"Bernie Sanders",5465,0.828,Weber_Utah
Vermont,VT,Addison,50001,Democrat,"Bernie Sanders",251,0.863,Addison_Vermont
Vermont,VT,Bennington,50003,Democrat,"Bernie Sanders",2121,0.838,Bennington_Vermont
Vermont,VT,Chittenden,50007,Democrat,"Bernie Sanders",254,0.904,Chittenden_Vermont
Vermont,VT,Essex,50009,Democrat,"Bernie Sanders",3622,0.866,Essex_Vermont
Vermont,VT,"Grand Isle",50013,Democrat,"Bernie Sanders",426,0.857,"Grand Isle_Vermont"
Vermont,VT,Rutland,50021,Democrat,"Bernie Sanders",2318,0.841,Rutland_Vermont
Vermont,VT,Windham,50025,Democrat,"Bernie Sanders",110,0.88,Windham_Vermont
Vermont,VT,Windsor,50027,Democrat,"Bernie Sanders",709,0.865,Windsor_Vermont
Virginia,VA,Albemarle,51003,Democrat,"Hillary Clinton",8284,0.545,Albemarle_Virginia
Virginia,VA,Amelia,51007,Democrat,"Hillary Clinton",671,0.788,Amelia_Virginia
Virginia,VA,Amherst,51009,Democrat,"Hillary Clinton",1044,0.652,Amherst_Virginia
Virginia,VA,Appomattox,51011,Democrat,"Hillary Clinton",448,0.67,Appomattox_Virginia
Virginia,VA,Arlington,51013,Democrat,"Hillary Clinton",25561,0.669,Arlington_Virginia
Virginia,VA,Augusta,51015,Democrat,"Bernie Sanders",1754,0.514,Augusta_Virginia
Virginia,VA,Bath,51017,Democrat,"Hillary Clinton",148,0.63,Bath_Virginia
Virginia,VA,Bedford,51019,Democrat,"Hillary Clinton",1876,0.565,Bedford_Virginia
Virginia,VA,Bland,51021,Democrat,"Hillary Clinton",125,0.517,Bland_Virginia
Virginia,VA,Botetourt,51023,Democrat,"Hillary Clinton",888,0.557,Botetourt_Virginia
Virginia,VA,Buckingham,51029,Democrat,"Hillary Clinton",806,0.75,Buckingham_Virginia
Virginia,VA,Campbell,51031,Democrat,"Hillary Clinton",1296,0.657,Campbell_Virginia
Virginia,VA,Caroline,51033,Democrat,"Hillary Clinton",1902,0.743,Caroline_Virginia
Virginia,VA,"Charles City",51036,Democrat,"Hillary Clinton",863,0.856,"Charles City_Virginia"
Virginia,VA,Chesterfield,51041,Democrat,"Hillary Clinton",22674,0.661,Chesterfield_Virginia
Virginia,VA,Culpeper,51047,Democrat,"Hillary Clinton",1421,0.547,Culpeper_Virginia
Virginia,VA,Dickenson,51051,Democrat,"Hillary Clinton",346,0.6,Dickenson_Virginia
Virginia,VA,Dinwiddie,51053,Democrat,"Hillary Clinton",1935,0.833,Dinwiddie_Virginia
Virginia,VA,Fairfax,51059,Democrat,"Hillary Clinton",86898,0.63,Fairfax_Virginia
Virginia,VA,Fauquier,51061,Democrat,"Hillary Clinton",2860,0.545,Fauquier_Virginia
Virginia,VA,Fluvanna,51065,Democrat,"Hillary Clinton",1355,0.576,Fluvanna_Virginia
Virginia,VA,Frederick,51069,Democrat,"Hillary Clinton",2136,0.505,Frederick_Virginia
Virginia,VA,Gloucester,51073,Democrat,"Hillary Clinton",1448,0.591,Gloucester_Virginia
Virginia,VA,Goochland,51075,Democrat,"Hillary Clinton",1572,0.716,Goochland_Virginia
Virginia,VA,Greensville,51081,Democrat,"Hillary Clinton",832,0.877,Greensville_Virginia
Virginia,VA,Hampton,51650,Democrat,"Hillary Clinton",13529,0.779,Hampton_Virginia
Virginia,VA,Hanover,51085,Democrat,"Hillary Clinton",4915,0.599,Hanover_Virginia
Virginia,VA,Henrico,51087,Democrat,"Hillary Clinton",28121,0.698,Henrico_Virginia
Virginia,VA,"Isle of Wight",51093,Democrat,"Hillary Clinton",2446,0.739,"Isle of Wight_Virginia"
Virginia,VA,"James City",51095,Democrat,"Hillary Clinton",5210,0.651,"James City_Virginia"
Virginia,VA,"King George",51099,Democrat,"Hillary Clinton",916,0.594,"King George_Virginia"
Virginia,VA,"King William",51101,Democrat,"Hillary Clinton",841,0.719,"King William_Virginia"
Virginia,VA,"King and Queen",51097,Democrat,"Hillary Clinton",477,0.787,"King and Queen_Virginia"
Virginia,VA,Loudoun,51107,Democrat,"Hillary Clinton",21171,0.586,Loudoun_Virginia
Virginia,VA,Louisa,51109,Democrat,"Hillary Clinton",1630,0.655,Louisa_Virginia
Virginia,VA,Lunenburg,51111,Democrat,"Hillary Clinton",738,0.836,Lunenburg_Virginia
Virginia,VA,Mathews,51115,Democrat,"Hillary Clinton",435,0.633,Mathews_Virginia
Virginia,VA,Middlesex,51119,Democrat,"Hillary Clinton",559,0.653,Middlesex_Virginia
Virginia,VA,Nelson,51125,Democrat,"Hillary Clinton",991,0.562,Nelson_Virginia
Virginia,VA,"New Kent",51127,Democrat,"Hillary Clinton",951,0.678,"New Kent_Virginia"
Virginia,VA,"Newport News",51700,Democrat,"Hillary Clinton",12495,0.73,"Newport News_Virginia"
Virginia,VA,Norfolk,51710,Democrat,"Hillary Clinton",15747,0.692,Norfolk_Virginia
Virginia,VA,Northumberland,51133,Democrat,"Hillary Clinton",818,0.75,Northumberland_Virginia
Virginia,VA,Nottoway,51135,Democrat,"Hillary Clinton",829,0.781,Nottoway_Virginia
Virginia,VA,Page,51139,Democrat,"Hillary Clinton",411,0.536,Page_Virginia
Virginia,VA,Patrick,51141,Democrat,"Bernie Sanders",372,0.503,Patrick_Virginia
Virginia,VA,Pittsylvania,51143,Democrat,"Hillary Clinton",2369,0.752,Pittsylvania_Virginia
Virginia,VA,Powhatan,51145,Democrat,"Hillary Clinton",1079,0.644,Powhatan_Virginia
Virginia,VA,"Prince Edward",51147,Democrat,"Hillary Clinton",1366,0.758,"Prince Edward_Virginia"
Virginia,VA,"Prince George",51149,Democrat,"Hillary Clinton",1992,0.777,"Prince George_Virginia"
Virginia,VA,"Prince William",51153,Democrat,"Hillary Clinton",26439,0.638,"Prince William_Virginia"
Virginia,VA,Rappahannock,51157,Democrat,"Hillary Clinton",416,0.501,Rappahannock_Virginia
Virginia,VA,Roanoke,51161,Democrat,"Hillary Clinton",3323,0.543,Roanoke_Virginia
Virginia,VA,Rockbridge,51163,Democrat,"Hillary Clinton",902,0.571,Rockbridge_Virginia
Virginia,VA,Shenandoah,51171,Democrat,"Hillary Clinton",958,0.505,Shenandoah_Virginia
Virginia,VA,Smyth,51173,Democrat,"Hillary Clinton",526,0.586,Smyth_Virginia
Virginia,VA,Southampton,51175,Democrat,"Hillary Clinton",1199,0.838,Southampton_Virginia
Virginia,VA,Spotsylvania,51177,Democrat,"Hillary Clinton",5399,0.604,Spotsylvania_Virginia
Virginia,VA,Stafford,51179,Democrat,"Hillary Clinton",6437,0.603,Stafford_Virginia
Virginia,VA,Suffolk,51800,Democrat,"Hillary Clinton",7533,0.795,Suffolk_Virginia
Virginia,VA,Sussex,51183,Democrat,"Hillary Clinton",958,0.905,Sussex_Virginia
Virginia,VA,"Virginia Beach",51810,Democrat,"Hillary Clinton",22352,0.63,"Virginia Beach_Virginia"
Virginia,VA,Westmoreland,51193,Democrat,"Hillary Clinton",879,0.745,Westmoreland_Virginia
Virginia,VA,Wythe,51197,Democrat,"Hillary Clinton",528,0.552,Wythe_Virginia
